Nome,Status Flora do Brasil,Nome Aceito Flora do Brasil,Status PlantList,Nome Aceito PlantList,Plant List x Flora do Brasil
Dicliptera ciliaris,Nome Aceito,Dicliptera ciliaris,Não Encontrado,Não Encontrado,Diferente
Dyschoriste maranhonis,Nome Aceito,Dyschoriste maranhonis,Nome Aceito,Dyschoriste maranhonis
Hygrophila costata,Nome Aceito,Hygrophila costata,Nome Aceito,Hygrophila costata
Hygrophila guianensis,Nome Aceito,Hygrophila guianensis,Sinônimo,Hygrophila costata,Diferente
Hygrophila helodes,Não Encontrado,Não Encontrado,Sinônimo,Hygrophila costata
Justicia comata,Nome Aceito,Justicia comata,Nome Aceito,Justicia comata
Justicia aequilabris,Nome Aceito,Justicia aequilabris,Nome Aceito,Justicia aequilabris
Justicia laevilinguis,Nome Aceito,Justicia laevilinguis,Não Encontrado,Não Encontrado,Diferente
Justia pectoralis,Não Encontrado,Não Encontrado,Não Encontrado,Não Encontrado
Nelsonia brunelloides,Sinônimo,Nelsonia canescens,Não Encontrado,Não Encontrado,Diferente
Ruellia bahiensis,Nome Aceito,Ruellia bahiensis,Nome Aceito,Ruellia bahiensis
Ruellia paniculata,Nome Aceito,Ruellia paniculata,Não Encontrado,Não Encontrado,Diferente
Sesuvium portulacastrum,Nome Aceito,Sesuvium portulacastrum,Nome Aceito,Sesuvium portulacastrum
Echinodorus andrieuxii,Sinônimo,Echinodorus subalatus,Não Encontrado,Não Encontrado,Diferente
Echinodorus argentinensis,Sinônimo,Echinodorus grandiflorus,Sinônimo,Echinodorus grandiflorus
Echinodorus aschersonianus,Nome Aceito,Echinodorus aschersonianus,Não Encontrado,Não Encontrado,Diferente
Echinodorus bolivianus,Sinônimo,Helanthium bolivianum,Sinônimo,Helanthium bolivianum
Echinodorus cordifolius,Não Encontrado,Não Encontrado,Não Encontrado,Não Encontrado
Echinodorus floribundus,Nome Aceito,Echinodorus floribundus,Nome Aceito,Echinodorus floribundus
Echinodorus glandulosus,Nome Aceito,Echinodorus glandulosus,Nome Aceito,Echinodorus glandulosus
Echinodorus grandiflorus,Nome Aceito,Echinodorus grandiflorus,Não Encontrado,Não Encontrado,Diferente
Echinodorus grisebachii,Nome Aceito,Echinodorus grisebachii,Não Encontrado,Não Encontrado,Diferente
Echinodorus lanceolatus,Nome Aceito,Echinodorus lanceolatus,Nome Aceito,Echinodorus lanceolatus
Echinodorus longipetalus,Nome Aceito,Echinodorus longipetalus,Nome Aceito,Echinodorus longipetalus
Echinodorus longiscapus,Nome Aceito,Echinodorus longiscapus,Não Encontrado,Não Encontrado,Diferente
Echinodorus macrophyllus,Nome Aceito,Echinodorus macrophyllus,Não Encontrado,Não Encontrado,Diferente
Echinodorus palaefolius,Nome Aceito,Echinodorus palaefolius,Não Encontrado,Não Encontrado,Diferente
Echinodorus paniculatus,Nome Aceito,Echinodorus paniculatus,Não Encontrado,Não Encontrado,Diferente
Echinodorus pubescens,Nome Aceito,Echinodorus pubescens,Não Encontrado,Não Encontrado,Diferente
Echinodorus ranunculoides,Não Encontrado,Não Encontrado,Não Encontrado,Não Encontrado
Echinodorus reticulatus,Nome Aceito,Echinodorus reticulatus,Sinônimo,Echinodorus longipetalus,Diferente
Echinodorus scaber,Nome Aceito,Echinodorus scaber,Não Encontrado,Não Encontrado,Diferente
Echinodorus subalatus,Nome Aceito,Echinodorus subalatus,Não Encontrado,Não Encontrado,Diferente
Echinodorus tenellus,Sinônimo,Helanthium tenellum,Não Encontrado,Não Encontrado,Diferente
Echinodorus teretoscapus,Sinônimo,Echinodorus glaucus,Sinônimo,Echinodorus glaucus
Helanthium tenellum,Nome Aceito,Helanthium tenellum,Nome Aceito,Helanthium tenellum
Hydrocleys martii,Nome Aceito,Hydrocleys martii,Nome Aceito,Hydrocleys martii
Hydrocleys nymphoides,Nome Aceito,Hydrocleys nymphoides,Nome Aceito,Hydrocleys nymphoides
Hydrocleys parviflora,Nome Aceito,Hydrocleys parviflora,Nome Aceito,Hydrocleys parviflora
Limnocharis flava,Nome Aceito,Limnocharis flava,Não Encontrado,Não Encontrado,Diferente
Limnocharis laforestii,Sinônimo,Limnocharis laforesti,Nome Aceito,Limnocharis laforestii,Diferente
Sagittaria guayanensis,Nome Aceito,Sagittaria guayanensis,Não Encontrado,Não Encontrado,Diferente
Sagittaria lancifolia,Nome Aceito,Sagittaria lancifolia,Não Encontrado,Não Encontrado,Diferente
Sagittaria montevidensis,Nome Aceito,Sagittaria montevidensis,Não Encontrado,Não Encontrado,Diferente
Sagittaria planitiana,Nome Aceito,Sagittaria planitiana,Nome Aceito,Sagittaria planitiana
Sagittaria rhombifolia,Nome Aceito,Sagittaria rhombifolia,Nome Aceito,Sagittaria rhombifolia
Sagittaria sprucei,Nome Aceito,Sagittaria sprucei,Nome Aceito,Sagittaria sprucei
Alstroemeria isabellana,Sinônimo,,Não Encontrado,Não Encontrado,Diferente
Alternanthera aquatica,Nome Aceito,Alternanthera aquatica,Nome Aceito,Alternanthera aquatica
Alternanthera brasiliana,Nome Aceito,Alternanthera brasiliana,Não Encontrado,Não Encontrado,Diferente
Alternanthera paronychioides,Nome Aceito,Alternanthera paronychioides,Não Encontrado,Não Encontrado,Diferente
Alternanthera philoxeroides,Nome Aceito,Alternanthera philoxeroides,Não Encontrado,Não Encontrado,Diferente
Alternanthera pilosa,Nome Aceito,Alternanthera pilosa,Não Encontrado,Não Encontrado,Diferente
Alternanthera tenella,Nome Aceito,Alternanthera tenella,Não Encontrado,Não Encontrado,Diferente
Amaranthus spinosus,Nome Aceito,Amaranthus spinosus,Não Encontrado,Não Encontrado,Diferente
Amaranthus viridis,Nome Aceito,Amaranthus viridis,Não Encontrado,Não Encontrado,Diferente
Atriplex montevidensis,Não Encontrado,Não Encontrado,Não Encontrado,Não Encontrado
Atriplex undulata,Não Encontrado,Não Encontrado,Nome Aceito,Atriplex undulata
Blutaparon portulacoides,Nome Aceito,Blutaparon portulacoides,Não Encontrado,Não Encontrado,Diferente
Chamissoa altissima,Nome Aceito,Chamissoa altissima,Não Encontrado,Não Encontrado,Diferente
Chenopodium ambrosioides,Sinônimo,Dysphania ambrosioides,Não Encontrado,Não Encontrado,Diferente
Gomphrena demissa,Nome Aceito,Gomphrena demissa,Não Encontrado,Não Encontrado,Diferente
Gomphrena elegans,Nome Aceito,Gomphrena elegans,Não Encontrado,Não Encontrado,Diferente
Hebanthe paniculata,Sinônimo,Hebanthe eriantha,Sinônimo,Hebanthe eriantha
Pfaffia glomerata,Nome Aceito,Pfaffia glomerata,Não Encontrado,Não Encontrado,Diferente
Pfaffia pulverulenta,Sinônimo,Hebanthe pulverulenta,Não Encontrado,Não Encontrado,Diferente
Pfaffia iresinoides,Não Encontrado,Não Encontrado,Não Encontrado,Não Encontrado
Salicornia ambigua,Não Encontrado,Não Encontrado,Sinônimo,Sarcocornia perennis
Salicornia gaudichaudiana,Sinônimo,Salicornia fruticosa,Sinônimo,Sarcocornia fruticosa,Diferente
Crinum americanum,Nome Aceito,Crinum americanum,Não Encontrado,Não Encontrado,Diferente
Hyppeastrum angustifolium,Não Encontrado,Não Encontrado,Não Encontrado,Não Encontrado
Schinus terenbinthifolius,Não Encontrado,Não Encontrado,Não Encontrado,Não Encontrado
Centella asiatica,Nome Aceito,Centella asiatica,Não Encontrado,Não Encontrado,Diferente
Eryngium ebracteatum,Nome Aceito,Eryngium ebracteatum,Não Encontrado,Não Encontrado,Diferente
Eryngium eburneum,Nome Aceito,Eryngium eburneum,Nome Aceito,Eryngium eburneum
Eryngium ekmanii,Nome Aceito,Eryngium ekmanii,Nome Aceito,Eryngium ekmanii
Eryngium pandanifolium,Nome Aceito,Eryngium pandanifolium,Não Encontrado,Não Encontrado,Diferente
Hydrocotyle ranunculoides,Nome Aceito,Hydrocotyle ranunculoides,Não Encontrado,Não Encontrado,Diferente
Hydrocotyle verticillata,Nome Aceito,Hydrocotyle verticillata,Não Encontrado,Não Encontrado,Diferente
Lilaeopsis attenuata,Nome Aceito,Lilaeopsis attenuata,Não Encontrado,Não Encontrado,Diferente
Lilaeopsis brasiliensis,Nome Aceito,Lilaeopsis brasiliensis,Nome Aceito,Lilaeopsis brasiliensis
Lilaeopsis carolinensis,Nome Aceito,Lilaeopsis carolinensis,Não Encontrado,Não Encontrado,Diferente
Lilaeopsis tenuis,Nome Aceito,Lilaeopsis tenuis,Nome Aceito,Lilaeopsis tenuis
Allamanda cathartica,Nome Aceito,Allamanda cathartica,Não Encontrado,Não Encontrado,Diferente
Allamanda nobilis,Nome Aceito,Allamanda nobilis,Nome Aceito,Allamanda nobilis
Ditassa hastata,Nome Aceito,Ditassa hastata,Nome Aceito,Ditassa hastata
Mandevilla clandestina,Nome Aceito,Mandevilla clandestina,Nome Aceito,Mandevilla clandestina
Mandevilla hirsuta,Nome Aceito,Mandevilla hirsuta,Nome Aceito,Mandevilla hirsuta
Mandevilla tenuifolia,Nome Aceito,Mandevilla tenuifolia,Nome Aceito,Mandevilla tenuifolia
Odontadenia nitida,Nome Aceito,Odontadenia nitida,Não Encontrado,Não Encontrado,Diferente
Oxypetalum pachyglossum,Nome Aceito,Oxypetalum pachyglossum,Nome Aceito,Oxypetalum pachyglossum
Oxypetalum tubatum,Nome Aceito,Oxypetalum tubatum,Nome Aceito,Oxypetalum tubatum
Rhabdadenia biflora,Nome Aceito,Rhabdadenia biflora,Nome Aceito,Rhabdadenia biflora
Rhabdadenia madida,Nome Aceito,Rhabdadenia madida,Nome Aceito,Rhabdadenia madida
Rhabdanenia pohlii,Não Encontrado,Não Encontrado,Não Encontrado,Não Encontrado
Alocasia macrorrhiza,Não Encontrado,Não Encontrado,Não Encontrado,Não Encontrado
Colocasia esculenta,Não Encontrado,Não Encontrado,Não Encontrado,Não Encontrado
Dracontium longipes,Nome Aceito,Dracontium longipes,Nome Aceito,Dracontium longipes
Landoltia punctata,Nome Aceito,Landoltia punctata,Sinônimo,Spirodela punctata,Diferente
Lemna aequinoctialis,Nome Aceito,Lemna aequinoctialis,Nome Aceito,Lemna aequinoctialis
Lemna gibba,Nome Aceito,Lemna gibba,Nome Aceito,Lemna gibba
Lemna minuta,Nome Aceito,Lemna minuta,Não Encontrado,Não Encontrado,Diferente
Lemna valdiviana,Nome Aceito,Lemna valdiviana,Não Encontrado,Não Encontrado,Diferente
Montrichardia arborescens,Nome Aceito,Montrichardia arborescens,Não Encontrado,Não Encontrado,Diferente
Montrichiardia linifera,Não Encontrado,Não Encontrado,Não Encontrado,Não Encontrado
Philodendron brasiliense,Nome Aceito,Philodendron brasiliense,Nome Aceito,Philodendron brasiliense
Philodendron rudgeanum,Nome Aceito,Philodendron rudgeanum,Nome Aceito,Philodendron rudgeanum
Pistia stratioides,Não Encontrado,Não Encontrado,Não Encontrado,Não Encontrado
Spirodela intermedia,Nome Aceito,Spirodela intermedia,Sinônimo,Spirodela punctata,Diferente
Urospatha sagittifolia,Nome Aceito,Urospatha sagittifolia,Não Encontrado,Não Encontrado,Diferente
Wolffia arrhiza,Nome Aceito,Wolffia arrhiza,Não Encontrado,Não Encontrado,Diferente
Wolffia brasiliensis,Nome Aceito,Wolffia brasiliensis,Não Encontrado,Não Encontrado,Diferente
Wolffia columbiana,Nome Aceito,Wolffia columbiana,Nome Aceito,Wolffia columbiana
Wolffiella lingulata,Nome Aceito,Wolffiella lingulata,Nome Aceito,Wolffiella lingulata
Wollffiella oblonga,Não Encontrado,Não Encontrado,Não Encontrado,Não Encontrado
Wolffiella welwitschii,Nome Aceito,Wolffiella welwitschii,Nome Aceito,Wolffiella welwitschii
Xanthosoma aristiguietae,Não Encontrado,Não Encontrado,Não Encontrado,Não Encontrado
Zantedeschia aethiopica,Não Encontrado,Não Encontrado,Nome Aceito,Zantedeschia aethiopica
Hydrocotyle bonariensis,Nome Aceito,Hydrocotyle bonariensis,Não Encontrado,Não Encontrado,Diferente
Hydrocotyle leucocephala,Nome Aceito,Hydrocotyle leucocephala,Não Encontrado,Não Encontrado,Diferente
Hydrolotyle pussilla,Não Encontrado,Não Encontrado,Não Encontrado,Não Encontrado
Hydrocotyle ranunculoides,Nome Aceito,Hydrocotyle ranunculoides,Não Encontrado,Não Encontrado,Diferente
Hydrocotyle verticillata,Nome Aceito,Hydrocotyle verticillata,Não Encontrado,Não Encontrado,Diferente
Bactris maraja,Nome Aceito,Bactris maraja,Não Encontrado,Não Encontrado,Diferente
Mauritia carana,Nome Aceito,Mauritia carana,Nome Aceito,Mauritia carana
Mauritiella armata,Nome Aceito,Mauritiella armata,Nome Aceito,Mauritiella armata
Aristolochia macroura,Sinônimo,Aristolochia trilobata,Não Encontrado,Não Encontrado,Diferente
Roullinia montevidensis,Não Encontrado,Não Encontrado,Não Encontrado,Não Encontrado
Acanthospermum australe,Nome Aceito,Acanthospermum australe,Nome Aceito,Acanthospermum australe
Acanthospermum hispidum,Nome Aceito,Acanthospermum hispidum,Nome Aceito,Acanthospermum hispidum
Achyrocline alata,Nome Aceito,Achyrocline alata,Não Encontrado,Não Encontrado,Diferente
Acilepdopsis echitifolia,Não Encontrado,Não Encontrado,Não Encontrado,Não Encontrado
Acmella uliginosa,Nome Aceito,Acmella uliginosa,Nome Aceito,Acmella uliginosa
Adenostemma brasilianum,Nome Aceito,Adenostemma brasilianum,Não Encontrado,Não Encontrado,Diferente
Ageratum conyzoides,Nome Aceito,Ageratum conyzoides,Não Encontrado,Não Encontrado,Diferente
Ambrosia artemisiaefolia,Não Encontrado,Não Encontrado,Não Encontrado,Não Encontrado
Aster squamatus,Sinônimo,Symphyotrichum squamatum,Não Encontrado,Não Encontrado,Diferente
Baccharis microcephala,Nome Aceito,Baccharis microcephala,Não Encontrado,Não Encontrado,Diferente
Baccharis penningtonii,Nome Aceito,Baccharis penningtonii,Nome Aceito,Baccharis penningtonii
Baccharis spicata,Nome Aceito,Baccharis spicata,Não Encontrado,Não Encontrado,Diferente
Baccharis usteri,Sinônimo,Baccharis junciformis,Não Encontrado,Não Encontrado,Diferente
Baccharidastrum triplinerve,Não Encontrado,Não Encontrado,Não Encontrado,Não Encontrado
Barrosoa betonicaeformis,Nome Aceito,Barrosoa betonicaeformis,Nome Aceito,Barrosoa betonicaeformis
Bidens laevis,Nome Aceito,Bidens laevis,Nome Aceito,Bidens laevis
Blainvillea dichotoma,Nome Aceito,Blainvillea dichotoma,Não Encontrado,Não Encontrado,Diferente
Centratherum punctatum,Nome Aceito,Centratherum punctatum,Não Encontrado,Não Encontrado,Diferente
Calea marginata,Nome Aceito,Calea marginata,Nome Aceito,Calea marginata
Campuloclinium purpurascens,Nome Aceito,Campuloclinium purpurascens,Nome Aceito,Campuloclinium purpurascens
Chaptalia graminifolia,Nome Aceito,Chaptalia graminifolia,Não Encontrado,Não Encontrado,Diferente
Chrysolaena platensis,Nome Aceito,Chrysolaena platensis,Nome Aceito,Chrysolaena platensis
Clibadium amanii,Não Encontrado,Não Encontrado,Não Encontrado,Não Encontrado
Conyza bonariensis,Nome Aceito,Conyza bonariensis,Não Encontrado,Não Encontrado,Diferente
Conyza sumatrensis,Nome Aceito,Conyza sumatrensis,Não Encontrado,Não Encontrado,Diferente
Cotula coronopifolia,Nome Aceito,Cotula coronopifolia,Não Encontrado,Não Encontrado,Diferente
Delilia biflora,Nome Aceito,Delilia biflora,Nome Aceito,Delilia biflora
Eclipta megapotamica,Nome Aceito,Eclipta megapotamica,Nome Aceito,Eclipta megapotamica
Eclipta prostrata,Nome Aceito,Eclipta prostrata,Não Encontrado,Não Encontrado,Diferente
Egletes viscosa,Nome Aceito,Egletes viscosa,Não Encontrado,Não Encontrado,Diferente
Elephantopus mollis,Nome Aceito,Elephantopus mollis,Não Encontrado,Não Encontrado,Diferente
Emilia coccinea,Sinônimo,Emilia fosbergii,Não Encontrado,Não Encontrado,Diferente
Emilia sonchifolia,Nome Aceito,Emilia sonchifolia,Não Encontrado,Não Encontrado,Diferente
Enydra anagallis,Nome Aceito,Enydra anagallis,Nome Aceito,Enydra anagallis
Enydra radicans,Nome Aceito,Enydra radicans,Nome Aceito,Enydra radicans
Enydra sessilis,Não Encontrado,Não Encontrado,Nome Aceito,Enydra sessilis
Enydra virularis,Não Encontrado,Não Encontrado,Não Encontrado,Não Encontrado
Erechtites hieracifolia,Não Encontrado,Não Encontrado,Não Encontrado,Não Encontrado
Erechtites hieracifolius,Nome Aceito,Erechtites hieracifolius,Não Encontrado,Não Encontrado,Diferente
Erechtites valerianifolius,Nome Aceito,Erechtites valerianifolius,Não Encontrado,Não Encontrado,Diferente
Erigeron maximus,Não Encontrado,Não Encontrado,Não Encontrado,Não Encontrado
Eupatorium bupleurifolium,Não Encontrado,Não Encontrado,Não Encontrado,Não Encontrado
Eupatorium candolleanum,Sinônimo,Barrosoa candolleana,Não Encontrado,Não Encontrado,Diferente
Eupatorium subhastatum,Não Encontrado,Não Encontrado,Não Encontrado,Não Encontrado
Eupatorium tremulum,Não Encontrado,Não Encontrado,Não Encontrado,Não Encontrado
Eupatorium tweedianum,Não Encontrado,Não Encontrado,Não Encontrado,Não Encontrado
Gamochaeta americana,Nome Aceito,Gamochaeta americana,Não Encontrado,Não Encontrado,Diferente
Gnaphalium spicatum,Não Encontrado,Não Encontrado,Não Encontrado,Não Encontrado
Grazielia intermedia,Nome Aceito,Grazielia intermedia,Nome Aceito,Grazielia intermedia
Gymnocoronis spilanthoides,Nome Aceito,Gymnocoronis spilanthoides,Não Encontrado,Não Encontrado,Diferente
Jaegeria hirta,Nome Aceito,Jaegeria hirta,Não Encontrado,Não Encontrado,Diferente
Jungia floribunda,Nome Aceito,Jungia floribunda,Não Encontrado,Não Encontrado,Diferente
Lepidaploa chalybaea,Nome Aceito,Lepidaploa chalybaea,Nome Aceito,Lepidaploa chalybaea
Lessingianthus glabratus,Nome Aceito,Lessingianthus glabratus,Nome Aceito,Lessingianthus glabratus
Mikania congesta,Nome Aceito,Mikania congesta,Nome Aceito,Mikania congesta
Mikania cordifolia,Nome Aceito,Mikania cordifolia,Não Encontrado,Não Encontrado,Diferente
Mikania micrantha,Nome Aceito,Mikania micrantha,Não Encontrado,Não Encontrado,Diferente
Mikania periplocifolia,Nome Aceito,Mikania periplocifolia,Nome Aceito,Mikania periplocifolia
Pacourina edulis,Nome Aceito,Pacourina edulis,Não Encontrado,Não Encontrado,Diferente
Picrosia longifolia,Nome Aceito,Picrosia longifolia,Não Encontrado,Não Encontrado,Diferente
Pluchea sagittalis,Nome Aceito,Pluchea sagittalis,Não Encontrado,Não Encontrado,Diferente
Praxelis sanctopaulensis,Nome Aceito,Praxelis sanctopaulensis,Nome Aceito,Praxelis sanctopaulensis
Pterocaulon balansae,Nome Aceito,Pterocaulon balansae,Nome Aceito,Pterocaulon balansae
Richterago radiata,Nome Aceito,Richterago radiata,Sinônimo,Actinoseris radiata,Diferente
Rolandra fruticosa,Nome Aceito,Rolandra fruticosa,Não Encontrado,Não Encontrado,Diferente
Senecio bonariensis,Nome Aceito,Senecio bonariensis,Nome Aceito,Senecio bonariensis
Senecio erisithalifolius,Nome Aceito,Senecio erisithalifolius,Não Encontrado,Não Encontrado,Diferente
Senecio icoglossus,Nome Aceito,Senecio icoglossus,Não Encontrado,Não Encontrado,Diferente
Senecio mattfeldianus,Não Encontrado,Não Encontrado,Nome Aceito,Senecio mattfeldianus
Senecio tweediei,Nome Aceito,Senecio tweediei,Nome Aceito,Senecio tweediei
Sonchus oleraceus,Nome Aceito,Sonchus oleraceus,Não Encontrado,Não Encontrado,Diferente
Sphagneticola trilobata,Nome Aceito,Sphagneticola trilobata,Nome Aceito,Sphagneticola trilobata
Synedrella nodiflora,Nome Aceito,Synedrella nodiflora,Nome Aceito,Synedrella nodiflora
Tilesia baccata,Nome Aceito,Tilesia baccata,Não Encontrado,Não Encontrado,Diferente
Trichospira verticillata,Nome Aceito,Trichospira verticillata,Nome Aceito,Trichospira verticillata
Vernonanthura beyrichii,Nome Aceito,Vernonanthura beyrichii,Nome Aceito,Vernonanthura beyrichii
Vernonanthura brasiliana,Nome Aceito,Vernonanthura brasiliana,Nome Aceito,Vernonanthura brasiliana
Vernonia scorpioides,Sinônimo,Cyrtocymura scorpioides,Não Encontrado,Não Encontrado,Diferente
Wedelia alagoensis,Sinônimo,Wedelia villosa,Nome Aceito,Wedelia alagoensis,Diferente
Wedelia calycina,Nome Aceito,Wedelia calycina,Não Encontrado,Não Encontrado,Diferente
Impatiens wallerana,Não Encontrado,Não Encontrado,Não Encontrado,Não Encontrado
Begonia cucullata,Nome Aceito,Begonia cucullata,Não Encontrado,Não Encontrado,Diferente
Begonia fischeri Schrank,Não Encontrado,Não Encontrado,Não Encontrado,Não Encontrado
Begonia hirtella,Nome Aceito,Begonia hirtella,Não Encontrado,Não Encontrado,Diferente
Begonia reniformis,Nome Aceito,Begonia reniformis,Não Encontrado,Não Encontrado,Diferente
Pleonotoma clematis,Nome Aceito,Pleonotoma clematis,Nome Aceito,Pleonotoma clematis
Tanaecium pyramidatum,Nome Aceito,Tanaecium pyramidatum,Nome Aceito,Tanaecium pyramidatum
Tynanthus polyanthus,Nome Aceito,Tynanthus polyanthus,Nome Aceito,Tynanthus polyanthus
Cordia curassavica,Sinônimo,Varronia curassavica,Nome Aceito,Cordia curassavica,Diferente
Cordia multispicata,Sinônimo,Varronia multispicata,Nome Aceito,Cordia multispicata,Diferente
Cordia superba,Nome Aceito,Cordia superba,Não Encontrado,Não Encontrado,Diferente
Cordia tetrandra,Nome Aceito,Cordia tetrandra,Nome Aceito,Cordia tetrandra
Euploca procumbens,Nome Aceito,Euploca procumbens,Sinônimo,Heliotropium procumbens,Diferente
Heliotropium angiospermum,Nome Aceito,Heliotropium angiospermum,Nome Aceito,Heliotropium angiospermum
Heliotropium elongatum,Nome Aceito,Heliotropium elongatum,Não Encontrado,Não Encontrado,Diferente
Heliotropium indicum,Nome Aceito,Heliotropium indicum,Nome Aceito,Heliotropium indicum
Heliotropium procumbens,Sinônimo,Euploca procumbens,Não Encontrado,Não Encontrado,Diferente
Tournefortia bicolor,Nome Aceito,Tournefortia bicolor,Não Encontrado,Não Encontrado,Diferente
Cardamine bonariensis,Nome Aceito,Cardamine bonariensis,Não Encontrado,Não Encontrado,Diferente
Nasturtium officinale,Não Encontrado,Não Encontrado,Não Encontrado,Não Encontrado
Burmannia australis,Nome Aceito,Burmannia australis,Nome Aceito,Burmannia australis
Burmannia capitata,Nome Aceito,Burmannia capitata,Não Encontrado,Não Encontrado,Diferente
Burmannia flava,Nome Aceito,Burmannia flava,Não Encontrado,Não Encontrado,Diferente
Cabomba aquatica,Nome Aceito,Cabomba aquatica,Nome Aceito,Cabomba aquatica
Cabomba caroliniana,Nome Aceito,Cabomba caroliniana,Não Encontrado,Não Encontrado,Diferente
Cabomba furcata,Nome Aceito,Cabomba furcata,Nome Aceito,Cabomba furcata
Cabomba haynesii,Nome Aceito,Cabomba haynesii,Nome Aceito,Cabomba haynesii
Centropogon cornutus,Nome Aceito,Centropogon cornutus,Não Encontrado,Não Encontrado,Diferente
Lobelia anceps,Nome Aceito,Lobelia anceps,Não Encontrado,Não Encontrado,Diferente
Lobelia aquatica,Nome Aceito,Lobelia aquatica,Não Encontrado,Não Encontrado,Diferente
Lobelia camporum,Nome Aceito,Lobelia camporum,Não Encontrado,Não Encontrado,Diferente
Lobelia exaltata,Nome Aceito,Lobelia exaltata,Nome Aceito,Lobelia exaltata
Lobelia fistulosa,Nome Aceito,Lobelia fistulosa,Não Encontrado,Não Encontrado,Diferente
Lobelia nummularioides,Nome Aceito,Lobelia nummularioides,Não Encontrado,Não Encontrado,Diferente
Lobelia xalapensis,Nome Aceito,Lobelia xalapensis,Nome Aceito,Lobelia xalapensis
Pratia hederacea,Sinônimo,Lobelia hederacea,Não Encontrado,Não Encontrado,Diferente
Siphocampylus sulfereus,Não Encontrado,Não Encontrado,Não Encontrado,Não Encontrado
Canna indica,Nome Aceito,Canna indica,Não Encontrado,Não Encontrado,Diferente
Canna glauca,Nome Aceito,Canna glauca,Não Encontrado,Não Encontrado,Diferente
Canna xgeneralis,Não Encontrado,Não Encontrado,Não Encontrado,Não Encontrado
Aneilema umbrosum,Nome Aceito,Aneilema umbrosum,Não Encontrado,Não Encontrado,Diferente
Callisia filiformis (M.Martens,Não Encontrado,Não Encontrado,Não Encontrado,Não Encontrado
Commelina diffusa Burm.f.,Não Encontrado,Não Encontrado,Não Encontrado,Não Encontrado
Commelina erecta,Nome Aceito,Commelina erecta,Não Encontrado,Não Encontrado,Diferente
Commelina nudiflora,Sinônimo,Murdannia nudiflora,Não Encontrado,Não Encontrado,Diferente
Commelina obliqua Vahl,Não Encontrado,Não Encontrado,Não Encontrado,Não Encontrado
Commelina schomburgkiana,Sinônimo,Commelina longicaulis,Não Encontrado,Não Encontrado,Diferente
Dichorisandra hexandra,Nome Aceito,Dichorisandra hexandra,Não Encontrado,Não Encontrado,Diferente
Floscopa glabrata,Nome Aceito,Floscopa glabrata,Não Encontrado,Não Encontrado,Diferente
Tripogandra diuretica,Nome Aceito,Tripogandra diuretica,Nome Aceito,Tripogandra diuretica
Anisea cernua,Não Encontrado,Não Encontrado,Não Encontrado,Não Encontrado
Aniseia martinicensis(Jacq.),Não Encontrado,Não Encontrado,Não Encontrado,Não Encontrado
Cressa truxillensis,Nome Aceito,Cressa truxillensis,Não Encontrado,Não Encontrado,Diferente
Evolvulus filipes,Nome Aceito,Evolvulus filipes,Não Encontrado,Não Encontrado,Diferente
Evolvulus nummularius,Nome Aceito,Evolvulus nummularius,Não Encontrado,Não Encontrado,Diferente
Evolvulus pohlli,Não Encontrado,Não Encontrado,Não Encontrado,Não Encontrado
Ipomoea alba,Nome Aceito,Ipomoea alba,Nome Aceito,Ipomoea alba
Ipomoea aquatica,Nome Aceito,Ipomoea aquatica,Nome Aceito,Ipomoea aquatica
Ipomoea asaralifolia,Não Encontrado,Não Encontrado,Não Encontrado,Não Encontrado
Ipomoea asarifolia (Desr.),Não Encontrado,Não Encontrado,Não Encontrado,Não Encontrado
Ipomoea batatas,Nome Aceito,Ipomoea batatas,Não Encontrado,Não Encontrado,Diferente
Ipomoea cairica,Nome Aceito,Ipomoea cairica,Não Encontrado,Não Encontrado,Diferente
Ipomoea carnea,Nome Aceito,Ipomoea carnea,Não Encontrado,Não Encontrado,Diferente
Ipomoea cynanchifolia,Nome Aceito,Ipomoea cynanchifolia,Nome Aceito,Ipomoea cynanchifolia
Ipomoea fimbriosepala,Nome Aceito,Ipomoea fimbriosepala,Nome Aceito,Ipomoea fimbriosepala
Ipomoea fistulosa,Sinônimo,Ipomoea carnea,Não Encontrado,Não Encontrado,Diferente
Ipomoea indivisa,Nome Aceito,Ipomoea indivisa,Nome Aceito,Ipomoea indivisa
Ipomoea philomega,Nome Aceito,Ipomoea philomega,Nome Aceito,Ipomoea philomega
Ipomoea quamoclit,Nome Aceito,Ipomoea quamoclit,Nome Aceito,Ipomoea quamoclit
Ipomoea setifera,Nome Aceito,Ipomoea setifera,Não Encontrado,Não Encontrado,Diferente
Ipomoea setosa,Nome Aceito,Ipomoea setosa,Não Encontrado,Não Encontrado,Diferente
Ipomoea serpens,Sinônimo,Ipomoea maurandioides,Não Encontrado,Não Encontrado,Diferente
Ipomoea squamosa,Nome Aceito,Ipomoea squamosa,Não Encontrado,Não Encontrado,Diferente
Ipomoea subrevoluta,Nome Aceito,Ipomoea subrevoluta,Não Encontrado,Não Encontrado,Diferente
Ipomoea wrightii,Nome Aceito,Ipomoea wrightii,Nome Aceito,Ipomoea wrightii
Iseia luxurians,Nome Aceito,Iseia luxurians,Nome Aceito,Iseia luxurians
Jacquemontia heterantha,Nome Aceito,Jacquemontia heterantha,Nome Aceito,Jacquemontia heterantha
Merremia aegyptia,Nome Aceito,Merremia aegyptia,Nome Aceito,Merremia aegyptia
Merremia umbellata,Nome Aceito,Merremia umbellata,Não Encontrado,Não Encontrado,Diferente
Operculina hamiltonii,Nome Aceito,Operculina hamiltonii,Nome Aceito,Operculina hamiltonii
Tetralocularia pennellii,Nome Aceito,Tetralocularia pennellii,Nome Aceito,Tetralocularia pennellii
Costus arabicus,Nome Aceito,Costus arabicus,Nome Aceito,Costus arabicus
Costus spirales,Não Encontrado,Não Encontrado,Não Encontrado,Não Encontrado
Crassula peduncularis,Nome Aceito,Crassula peduncularis,Nome Aceito,Crassula peduncularis
Cyclanthera hystrix,Nome Aceito,Cyclanthera hystrix,Nome Aceito,Cyclanthera hystrix
Elaterium amazonicum,Sinônimo,Not Specified,Sinônimo,Rytidostylis amazonica,Diferente
Fevillea trilobata,Nome Aceito,Fevillea trilobata,Não Encontrado,Não Encontrado,Diferente
Gurania bignoniacea,Nome Aceito,Gurania bignoniacea,Nome Aceito,Gurania bignoniacea
Gurania tricuspidata,Nome Aceito,Gurania tricuspidata,Nome Aceito,Gurania tricuspidata
Luffa operculata,Nome Aceito,Luffa operculata,Não Encontrado,Não Encontrado,Diferente
Momordica charantia,Nome Aceito,Momordica charantia,Não Encontrado,Não Encontrado,Diferente
Halodule emarginata,Nome Aceito,Halodule emarginata,Nome Aceito,Halodule emarginata
Halodule wrightii,Nome Aceito,Halodule wrightii,Nome Aceito,Halodule wrightii
Abildgaardia ovata,Nome Aceito,Abildgaardia ovata,Sinônimo,Fimbristylis ovata,Diferente
Becquerelia cymosa,Nome Aceito,Becquerelia cymosa,Não Encontrado,Não Encontrado,Diferente
Becquerelia muricata,Nome Aceito,Becquerelia muricata,Nome Aceito,Becquerelia muricata
Bulbostylis capillaris,Nome Aceito,Bulbostylis capillaris,Não Encontrado,Não Encontrado,Diferente
Bulbostylis hirtella,Nome Aceito,Bulbostylis hirtella,Não Encontrado,Não Encontrado,Diferente
Bulbostylis junciformis,Nome Aceito,Bulbostylis junciformis,Não Encontrado,Não Encontrado,Diferente
Bulbostylis juncoides,Nome Aceito,Bulbostylis juncoides,Não Encontrado,Não Encontrado,Diferente
Bulbostylis sellowiana,Nome Aceito,Bulbostylis sellowiana,Nome Aceito,Bulbostylis sellowiana
Bulbostylis truncata,Nome Aceito,Bulbostylis truncata,Nome Aceito,Bulbostylis truncata
Calyptrocarya longifolia,Sinônimo,Calyptrocarya glomerulata,Não Encontrado,Não Encontrado,Diferente
Carex brasiliensis,Nome Aceito,Carex brasiliensis,Não Encontrado,Não Encontrado,Diferente
Carex pseudocyperus,Nome Aceito,Carex pseudocyperus,Não Encontrado,Não Encontrado,Diferente
Cladium jamaicense,Sinônimo,Cladium mariscus,Não Encontrado,Não Encontrado,Diferente
Cyperus aggregatus,Nome Aceito,Cyperus aggregatus,Não Encontrado,Não Encontrado,Diferente
Cyperus amabilis,Nome Aceito,Cyperus amabilis,Não Encontrado,Não Encontrado,Diferente
Cyperus articulatus,Nome Aceito,Cyperus articulatus,Não Encontrado,Não Encontrado,Diferente
Cyperus aristatus,Sinônimo,Cyperus squarrosus,Não Encontrado,Não Encontrado,Diferente
Cyperus barrosianus,Nome Aceito,Cyperus barrosianus,Sinônimo,Pycreus tener,Diferente
Cyperus berroi,Nome Aceito,Cyperus berroi,Não Encontrado,Não Encontrado,Diferente
Cyperus brevifolius,Nome Aceito,Cyperus brevifolius,Não Encontrado,Não Encontrado,Diferente
Cyperus cayennensis,Sinônimo,Cyperus aggregatus,Não Encontrado,Não Encontrado,Diferente
Cyperus celluloso-reticulatus,Sinônimo,Cyperus cellulosoreticulatus,Não Encontrado,Não Encontrado,Diferente
Cyperus chalaranthus,Nome Aceito,Cyperus chalaranthus,Nome Aceito,Cyperus chalaranthus
Cyperus compressus,Nome Aceito,Cyperus compressus,Não Encontrado,Não Encontrado,Diferente
Cyperus cornelii-ostenii,Nome Aceito,Cyperus cornelii-ostenii,Não Encontrado,Não Encontrado,Diferente
Cyperus corymbosus,Nome Aceito,Cyperus corymbosus,Não Encontrado,Não Encontrado,Diferente
Cyperus cuspidatus,Nome Aceito,Cyperus cuspidatus,Não Encontrado,Não Encontrado,Diferente
Cyperus diffusus,Sinônimo,Cyperus laxus,Não Encontrado,Não Encontrado,Diferente
Cyperus digitatus,Nome Aceito,Cyperus digitatus,Não Encontrado,Não Encontrado,Diferente
Cyperus distans,Nome Aceito,Cyperus distans,Não Encontrado,Não Encontrado,Diferente
Cyperus eragrostis,Nome Aceito,Cyperus eragrostis,Não Encontrado,Não Encontrado,Diferente
Cyperus esculentus,Nome Aceito,Cyperus esculentus,Não Encontrado,Não Encontrado,Diferente
Cyperus fistulosus,Sinônimo,Cyperus articulatus,Sinônimo,Cyperus articulatus
Cyperus gardneri,Nome Aceito,Cyperus gardneri,Não Encontrado,Não Encontrado,Diferente
Cyperus giganteus,Nome Aceito,Cyperus giganteus,Não Encontrado,Não Encontrado,Diferente
Cyperus haspan,Nome Aceito,Cyperus haspan,Não Encontrado,Não Encontrado,Diferente
Cyperus hermaphroditus,Nome Aceito,Cyperus hermaphroditus,Não Encontrado,Não Encontrado,Diferente
Cyperus imbricatus,Nome Aceito,Cyperus imbricatus,Não Encontrado,Não Encontrado,Diferente
Cyperus intricatus,Nome Aceito,Cyperus intricatus,Nome Aceito,Cyperus intricatus
Cyperus involucratus,Sinônimo,Cyperus alternifolius,Não Encontrado,Não Encontrado,Diferente
Cyperus iria,Nome Aceito,Cyperus iria,Não Encontrado,Não Encontrado,Diferente
Cyperus laetus,Sinônimo,Cyperus rigens,Não Encontrado,Não Encontrado,Diferente
Cyperus lanceolatus,Nome Aceito,Cyperus lanceolatus,Não Encontrado,Não Encontrado,Diferente
Cyperus laxus,Nome Aceito,Cyperus laxus,Não Encontrado,Não Encontrado,Diferente
Cyperus ligularis,Nome Aceito,Cyperus ligularis,Não Encontrado,Não Encontrado,Diferente
Cyperus luzulae,Nome Aceito,Cyperus luzulae,Não Encontrado,Não Encontrado,Diferente
Cyperus megapotamicus,Nome Aceito,Cyperus megapotamicus,Não Encontrado,Não Encontrado,Diferente
Cyperus mundtii,Nome Aceito,Cyperus mundtii,Não Encontrado,Não Encontrado,Diferente
Cyperus obtusatus,Nome Aceito,Cyperus obtusatus,Não Encontrado,Não Encontrado,Diferente
Cyperus odoratus,Nome Aceito,Cyperus odoratus,Não Encontrado,Não Encontrado,Diferente
Cyperus papyrus,Nome Aceito,Cyperus papyrus,Não Encontrado,Não Encontrado,Diferente
Cyperus polystachyus,Sinônimo,Cyperus flavescens,Não Encontrado,Não Encontrado,Diferente
Cyperus prolixus,Nome Aceito,Cyperus prolixus,Não Encontrado,Não Encontrado,Diferente
Cyperus reflexus,Nome Aceito,Cyperus reflexus,Não Encontrado,Não Encontrado,Diferente
Cyperus rigens,Nome Aceito,Cyperus rigens,Não Encontrado,Não Encontrado,Diferente
Cyperus rotundus,Nome Aceito,Cyperus rotundus,Não Encontrado,Não Encontrado,Diferente
Cyperus sesquiflorus,Nome Aceito,Cyperus sesquiflorus,Não Encontrado,Não Encontrado,Diferente
Cyperus surinamensis,Nome Aceito,Cyperus surinamensis,Não Encontrado,Não Encontrado,Diferente
Cyperus uncinulatus,Nome Aceito,Cyperus uncinulatus,Nome Aceito,Cyperus uncinulatus
Cyperus virens,Nome Aceito,Cyperus virens,Não Encontrado,Não Encontrado,Diferente
Dialium guianense,Nome Aceito,Dialium guianense,Não Encontrado,Não Encontrado,Diferente
Diplacrum longifolium,Sinônimo,Diplacrum capitatum,Não Encontrado,Não Encontrado,Diferente
Eleocharis acutangula,Nome Aceito,Eleocharis acutangula,Não Encontrado,Não Encontrado,Diferente
Eleocharis atropurpurea,Nome Aceito,Eleocharis atropurpurea,Não Encontrado,Não Encontrado,Diferente
Eleocharis barrosii,Nome Aceito,Eleocharis barrosii,Nome Aceito,Eleocharis barrosii
Eleocharis bonariensis,Nome Aceito,Eleocharis bonariensis,Nome Aceito,Eleocharis bonariensis
Eleocharis capillacea,Nome Aceito,Eleocharis capillacea,Nome Aceito,Eleocharis capillacea
Eleocharis debilis,Nome Aceito,Eleocharis debilis,Não Encontrado,Não Encontrado,Diferente
Eleocharis elata,Sinônimo,Eleocharis plicarhachis,Sinônimo,Eleocharis plicarhachis
Eleocharis elegans,Nome Aceito,Eleocharis elegans,Nome Aceito,Eleocharis elegans
Eleocharis elongata,Nome Aceito,Eleocharis elongata,Nome Aceito,Eleocharis elongata
Eleocharis equisetoides,Não Encontrado,Não Encontrado,Nome Aceito,Eleocharis equisetoides
Eleocharis filiculmis,Nome Aceito,Eleocharis filiculmis,Não Encontrado,Não Encontrado,Diferente
Eleocharis fistulosa,Sinônimo,Eleocharis acutangula,Não Encontrado,Não Encontrado,Diferente
Eleocharis flavescens,Nome Aceito,Eleocharis flavescens,Não Encontrado,Não Encontrado,Diferente
Eleocharis geniculata,Nome Aceito,Eleocharis geniculata,Não Encontrado,Não Encontrado,Diferente
Eleocharis interstincta,Nome Aceito,Eleocharis interstincta,Nome Aceito,Eleocharis interstincta
Eleocharis maculosa,Nome Aceito,Eleocharis maculosa,Não Encontrado,Não Encontrado,Diferente
Eleocharis minarum,Nome Aceito,Eleocharis minarum,Nome Aceito,Eleocharis minarum
Eleocharis minima,Nome Aceito,Eleocharis minima,Não Encontrado,Não Encontrado,Diferente
Eleocharis montana,Nome Aceito,Eleocharis montana,Não Encontrado,Não Encontrado,Diferente
Eleocharis mutata,Nome Aceito,Eleocharis mutata,Não Encontrado,Não Encontrado,Diferente
Eleocharis nana,Nome Aceito,Eleocharis nana,Não Encontrado,Não Encontrado,Diferente
Eleocharis nodulosa,Sinônimo,Eleocharis montana,Não Encontrado,Não Encontrado,Diferente
Eleocharis nudipes,Nome Aceito,Eleocharis nudipes,Não Encontrado,Não Encontrado,Diferente
Eleocharis radicans,Nome Aceito,Eleocharis radicans,Sinônimo,Eleocharis exigua,Diferente
Eleocharis retroflexa,Nome Aceito,Eleocharis retroflexa,Não Encontrado,Não Encontrado,Diferente
Eleocharis sellowiana,Nome Aceito,Eleocharis sellowiana,Não Encontrado,Não Encontrado,Diferente
Eleocharis subarticulata,Nome Aceito,Eleocharis subarticulata,Nome Aceito,Eleocharis subarticulata
Eleocharis umbellata,Não Encontrado,Não Encontrado,Não Encontrado,Não Encontrado
Fimbristylis aestivalis,Nome Aceito,Fimbristylis aestivalis,Não Encontrado,Não Encontrado,Diferente
Fimbristylis autumnalis,Nome Aceito,Fimbristylis autumnalis,Não Encontrado,Não Encontrado,Diferente
Fimbristylis complanata,Nome Aceito,Fimbristylis complanata,Não Encontrado,Não Encontrado,Diferente
Fimbristylis cymosa,Nome Aceito,Fimbristylis cymosa,Não Encontrado,Não Encontrado,Diferente
Fimbristylis dichotoma,Nome Aceito,Fimbristylis dichotoma,Não Encontrado,Não Encontrado,Diferente
Fimbristylis diphylla,Sinônimo,Fimbristylis dichotoma,Não Encontrado,Não Encontrado,Diferente
Fimbristylis miliacea,Nome Aceito,Fimbristylis miliacea,Não Encontrado,Não Encontrado,Diferente
Fimbristylis spadicea,Nome Aceito,Fimbristylis spadicea,Não Encontrado,Não Encontrado,Diferente
Fimbristylis squarrosa,Nome Aceito,Fimbristylis squarrosa,Não Encontrado,Não Encontrado,Diferente
Fuirena incompleta,Nome Aceito,Fuirena incompleta,Não Encontrado,Não Encontrado,Diferente
Fuirena robusta,Nome Aceito,Fuirena robusta,Nome Aceito,Fuirena robusta
Fuirena umbellata,Nome Aceito,Fuirena umbellata,Não Encontrado,Não Encontrado,Diferente
Hyparrhenia rufa,Nome Aceito,Hyparrhenia rufa,Não Encontrado,Não Encontrado,Diferente
Kyllinga odorata,Sinônimo,Cyperus sesquiflorus,Não Encontrado,Não Encontrado,Diferente
Kyllinga pumila,Sinônimo,Cyperus hortensis,Não Encontrado,Não Encontrado,Diferente
Lipocarpha humboldtiana,Sinônimo,Cyperus sellowianus,Sinônimo,Lipocarpha chinensis,Diferente
Lipocarpha micrantha,Sinônimo,Cyperus subsquarrosus,Nome Aceito,Lipocarpha micrantha,Diferente
Lipocarpha salzmanniana,Sinônimo,Cyperus salzmannianus,Nome Aceito,Lipocarpha salzmanniana,Diferente
Lipocarpha sellowiana,Sinônimo,Cyperus sellowianus,Sinônimo,Lipocarpha maculata,Diferente
Oxycaryum cubense (Poepp.,Não Encontrado,Não Encontrado,Não Encontrado,Não Encontrado
Pycreus flavescens,Sinônimo,Cyperus flavescens,Não Encontrado,Não Encontrado,Diferente
Pycreus macrostachyos,Sinônimo,Cyperus macrostachyos,Não Encontrado,Não Encontrado,Diferente
Pycreus polystachyos,Sinônimo,Cyperus polystachyos,Não Encontrado,Não Encontrado,Diferente
Rhynchospora barbata,Nome Aceito,Rhynchospora barbata,Não Encontrado,Não Encontrado,Diferente
Rhynchospora brittonii,Nome Aceito,Rhynchospora brittonii,Nome Aceito,Rhynchospora brittonii
Rhynchospora cephalotes,Nome Aceito,Rhynchospora cephalotes,Não Encontrado,Não Encontrado,Diferente
Rhynchospora contracta,Nome Aceito,Rhynchospora contracta,Nome Aceito,Rhynchospora contracta
Rhynchospora corymbosa,Nome Aceito,Rhynchospora corymbosa,Não Encontrado,Não Encontrado,Diferente
Rhynchospora cyperoides,Sinônimo,Rhynchospora holoschoenoides,Não Encontrado,Não Encontrado,Diferente
Rhynchospora gigantea,Nome Aceito,Rhynchospora gigantea,Não Encontrado,Não Encontrado,Diferente
Rhynchospora holoschoenoides,Nome Aceito,Rhynchospora holoschoenoides,Nome Aceito,Rhynchospora holoschoenoides
Rhynchospora marisculus,Nome Aceito,Rhynchospora marisculus,Não Encontrado,Não Encontrado,Diferente
Rhynchospora nervosa,Nome Aceito,Rhynchospora nervosa,Não Encontrado,Não Encontrado,Diferente
Rhynchospora pubera,Nome Aceito,Rhynchospora pubera,Não Encontrado,Não Encontrado,Diferente
Rhynchospora riparia,Nome Aceito,Rhynchospora riparia,Nome Aceito,Rhynchospora riparia
Rhynchospora schomburgkiana,Nome Aceito,Rhynchospora schomburgkiana,Nome Aceito,Rhynchospora schomburgkiana
Rhynchospora subplumosa,Nome Aceito,Rhynchospora subplumosa,Nome Aceito,Rhynchospora subplumosa
Rhynchospora tenerrima,Nome Aceito,Rhynchospora tenerrima,Não Encontrado,Não Encontrado,Diferente
Rhynchospora tenuis,Nome Aceito,Rhynchospora tenuis,Não Encontrado,Não Encontrado,Diferente
Rhynchospora trispicata,Nome Aceito,Rhynchospora trispicata,Não Encontrado,Não Encontrado,Diferente
Rhynchospora velutina,Nome Aceito,Rhynchospora velutina,Não Encontrado,Não Encontrado,Diferente
Schoenoplectus californicus,Nome Aceito,Schoenoplectus californicus,Não Encontrado,Não Encontrado,Diferente
Scirpus americanus,Não Encontrado,Não Encontrado,Não Encontrado,Não Encontrado
Scirpus californicus,Sinônimo,Schoenoplectus californicus,Não Encontrado,Não Encontrado,Diferente
Scirpus cubensis,Sinônimo,Not Specified,Não Encontrado,Não Encontrado,Diferente
Scirpus giganteus,Sinônimo,Androtrichum trigynum,Sinônimo,Androtrichum giganteum,Diferente
Scirpus maritimus,Sinônimo,Bolboschoenus robustus,Não Encontrado,Não Encontrado,Diferente
Scirpus submersus,Sinônimo,Eleocharis confervoides,Sinônimo,Eleocharis confervoides
Scleria bracteata,Nome Aceito,Scleria bracteata,Não Encontrado,Não Encontrado,Diferente
Scleria distans,Nome Aceito,Scleria distans,Não Encontrado,Não Encontrado,Diferente
Scleria hirtella,Nome Aceito,Scleria hirtella,Não Encontrado,Não Encontrado,Diferente
Scleria melaleuca,Sinônimo,Scleria gaertneri,Sinônimo,Scleria gaertneri
Scleria microcarpa,Nome Aceito,Scleria microcarpa,Não Encontrado,Não Encontrado,Diferente
Scleria mitis,Nome Aceito,Scleria mitis,Não Encontrado,Não Encontrado,Diferente
Scleria pterota,Sinônimo,Scleria gaertneri,Não Encontrado,Não Encontrado,Diferente
Scleria secans,Nome Aceito,Scleria secans,Nome Aceito,Scleria secans
Scleria soronia,Não Encontrado,Não Encontrado,Não Encontrado,Não Encontrado
Websteria confervoides,Sinônimo,Eleocharis confervoides,Sinônimo,Eleocharis confervoides
Dioscorea marginata,Nome Aceito,Dioscorea marginata,Nome Aceito,Dioscorea marginata
Drosera communis,Nome Aceito,Drosera communis,Não Encontrado,Não Encontrado,Diferente
Drosera intermedia,Nome Aceito,Drosera intermedia,Não Encontrado,Não Encontrado,Diferente
Elatine lindbergii,Nome Aceito,Elatine lindbergii,Nome Aceito,Elatine lindbergii
Equisetum giganteum,Nome Aceito,Equisetum giganteum,Nome Aceito,Equisetum giganteum
Equisetum hyemale,Não Encontrado,Não Encontrado,Não Encontrado,Não Encontrado
Agarista chlorantha,Nome Aceito,Agarista chlorantha,Nome Aceito,Agarista chlorantha
Gaylussacia brasiliensis,Nome Aceito,Gaylussacia brasiliensis,Não Encontrado,Não Encontrado,Diferente
Eriocaulon angustifolium,Sinônimo,Eriocaulon aquatile,Nome Aceito,Eriocaulon angustifolium,Diferente
Eriocaulon aquatile,Nome Aceito,Eriocaulon aquatile,Não Encontrado,Não Encontrado,Diferente
Eriocaulon humboldtii,Nome Aceito,Eriocaulon humboldtii,Nome Aceito,Eriocaulon humboldtii
Eriocaulon magnificum,Nome Aceito,Eriocaulon magnificum,Não Encontrado,Não Encontrado,Diferente
Eriocaulon modestum,Nome Aceito,Eriocaulon modestum,Não Encontrado,Não Encontrado,Diferente
Eriocaulon obtusum,Nome Aceito,Eriocaulon obtusum,Nome Aceito,Eriocaulon obtusum
Eriocaulon setaceum,Nome Aceito,Eriocaulon setaceum,Não Encontrado,Não Encontrado,Diferente
Leiothrix pilulifera,Nome Aceito,Leiothrix pilulifera,Não Encontrado,Não Encontrado,Diferente
Leiothrix rufula,Nome Aceito,Leiothrix rufula,Não Encontrado,Não Encontrado,Diferente
Paepalanthus bifidus,Nome Aceito,Paepalanthus bifidus,Não Encontrado,Não Encontrado,Diferente
Paepalanthus lamarckii,Nome Aceito,Paepalanthus lamarckii,Nome Aceito,Paepalanthus lamarckii
Paepalanthus planifolius,Nome Aceito,Paepalanthus planifolius,Não Encontrado,Não Encontrado,Diferente
Paepalanthus tortilis,Nome Aceito,Paepalanthus tortilis,Não Encontrado,Não Encontrado,Diferente
Syngonanthus anomalus,Nome Aceito,Syngonanthus anomalus,Não Encontrado,Não Encontrado,Diferente
Syngonanthus caulescens,Nome Aceito,Syngonanthus caulescens,Não Encontrado,Não Encontrado,Diferente
Syngonanthus chrysanthus,Nome Aceito,Syngonanthus chrysanthus,Não Encontrado,Não Encontrado,Diferente
Syngonanthus glandulosus,Sinônimo,Syngonanthus caulescens,Não Encontrado,Não Encontrado,Diferente
Syngonanthus gracilis,Nome Aceito,Syngonanthus gracilis,Não Encontrado,Não Encontrado,Diferente
Syngonanthus oblongus,Nome Aceito,Syngonanthus oblongus,Não Encontrado,Não Encontrado,Diferente
Syngonanthus xeranthemoides,Sinônimo,Comanthera xeranthemoides,Não Encontrado,Não Encontrado,Diferente
Tonina fluviatilis,Nome Aceito,Tonina fluviatilis,Não Encontrado,Não Encontrado,Diferente
Acalypha arvensis,Nome Aceito,Acalypha arvensis,Não Encontrado,Não Encontrado,Diferente
Acalypha poiretii,Nome Aceito,Acalypha poiretii,Nome Aceito,Acalypha poiretii
Argythamnia heteropetala,Sinônimo,Caperonia heteropetala,Sinônimo,Caperonia heteropetala
Astraea lobata,Nome Aceito,Astraea lobata,Nome Aceito,Astraea lobata
Caperonia castaneifolia,Nome Aceito,Caperonia castaneifolia,Não Encontrado,Não Encontrado,Diferente
Caperonia histrix,Não Encontrado,Não Encontrado,Não Encontrado,Não Encontrado
Caperonia palustris,Nome Aceito,Caperonia palustris,Não Encontrado,Não Encontrado,Diferente
Croton trinitatis,Nome Aceito,Croton trinitatis,Nome Aceito,Croton trinitatis
Dalechampia scandens,Nome Aceito,Dalechampia scandens,Não Encontrado,Não Encontrado,Diferente
Dalechampia tiliifolia,Nome Aceito,Dalechampia tiliifolia,Não Encontrado,Não Encontrado,Diferente
Euphorbia hirta L.,Não Encontrado,Não Encontrado,Não Encontrado,Não Encontrado
Euphorbia hyssopifolia L.,Não Encontrado,Não Encontrado,Não Encontrado,Não Encontrado
Euphorbia prostrata,Nome Aceito,Euphorbia prostrata,Não Encontrado,Não Encontrado,Diferente
Euphorbia thymifolia,Nome Aceito,Euphorbia thymifolia,Não Encontrado,Não Encontrado,Diferente
Sapium glandulatum,Sinônimo,Sapium glandulosum,Sinônimo,Sapium glandulosum
Sesbania schottiana,Não Encontrado,Não Encontrado,Não Encontrado,Não Encontrado
Tonina fluviatilis,Nome Aceito,Tonina fluviatilis,Não Encontrado,Não Encontrado,Diferente
Adesmia latifolia,Nome Aceito,Adesmia latifolia,Nome Aceito,Adesmia latifolia
Aeschynomene americana,Nome Aceito,Aeschynomene americana,Não Encontrado,Não Encontrado,Diferente
Aeschynomene ciliata,Nome Aceito,Aeschynomene ciliata,Nome Aceito,Aeschynomene ciliata
Aeschynomene denticulata,Nome Aceito,Aeschynomene denticulata,Nome Aceito,Aeschynomene denticulata
Aeschynomene evenia,Nome Aceito,Aeschynomene evenia,Não Encontrado,Não Encontrado,Diferente
Aeschynomene filosa,Nome Aceito,Aeschynomene filosa,Nome Aceito,Aeschynomene filosa
Aeschynomene fluminensis,Nome Aceito,Aeschynomene fluminensis,Não Encontrado,Não Encontrado,Diferente
Aeschynomene indica,Não Encontrado,Não Encontrado,Não Encontrado,Não Encontrado
Aeschynomene mollicula,Nome Aceito,Aeschynomene mollicula,Não Encontrado,Não Encontrado,Diferente
Aeschynomene montevidensis,Nome Aceito,Aeschynomene montevidensis,Não Encontrado,Não Encontrado,Diferente
Aeschynomene paniculata,Nome Aceito,Aeschynomene paniculata,Nome Aceito,Aeschynomene paniculata
Aeschynomene rudis,Nome Aceito,Aeschynomene rudis,Nome Aceito,Aeschynomene rudis
Aeschynomene scabra,Nome Aceito,Aeschynomene scabra,Nome Aceito,Aeschynomene scabra
Aeschynomene sensitiva,Nome Aceito,Aeschynomene sensitiva,Não Encontrado,Não Encontrado,Diferente
"""Aeschynomene virginica",Não Encontrado,Não Encontrado,Não Encontrado,Não Encontrado
Anadenanthera colubrina,Nome Aceito,Anadenanthera colubrina,Não Encontrado,Não Encontrado,Diferente
Calopogonium mucunoides,Nome Aceito,Calopogonium mucunoides,Nome Aceito,Calopogonium mucunoides
Centrosema brasilianum,Nome Aceito,Centrosema brasilianum,Não Encontrado,Não Encontrado,Diferente
Centrosema pubescens,Nome Aceito,Centrosema pubescens,Não Encontrado,Não Encontrado,Diferente
Chamaecrista calycioides,Nome Aceito,Chamaecrista calycioides,Não Encontrado,Não Encontrado,Diferente
Chamaecrista diphylla,Nome Aceito,Chamaecrista diphylla,Nome Aceito,Chamaecrista diphylla
Chamaecrista hispidula,Nome Aceito,Chamaecrista hispidula,Nome Aceito,Chamaecrista hispidula
Chamaecrista nictitans,Nome Aceito,Chamaecrista nictitans,Não Encontrado,Não Encontrado,Diferente
Chamaecrista repens,Nome Aceito,Chamaecrista repens,Não Encontrado,Não Encontrado,Diferente
Clitoria falcata,Nome Aceito,Clitoria falcata,Não Encontrado,Não Encontrado,Diferente
Clitoria guianensis,Nome Aceito,Clitoria guianensis,Não Encontrado,Não Encontrado,Diferente
Clitoria laurifolia,Nome Aceito,Clitoria laurifolia,Não Encontrado,Não Encontrado,Diferente
Collaea speciosa,Nome Aceito,Collaea speciosa,Nome Aceito,Collaea speciosa
Crotalaria brevifolia,Não Encontrado,Não Encontrado,Não Encontrado,Não Encontrado
Crotalaria micans,Nome Aceito,Crotalaria micans,Nome Aceito,Crotalaria micans
Crotalaria nitens,Nome Aceito,Crotalaria nitens,Não Encontrado,Não Encontrado,Diferente
Crotalaria pallida,Nome Aceito,Crotalaria pallida,Não Encontrado,Não Encontrado,Diferente
Crotalaria pilosa,Nome Aceito,Crotalaria pilosa,Não Encontrado,Não Encontrado,Diferente
Crotalaria sagittalis,Nome Aceito,Crotalaria sagittalis,Não Encontrado,Não Encontrado,Diferente
Cymbosema roseum,Nome Aceito,Cymbosema roseum,Nome Aceito,Cymbosema roseum
Dalbergia ecastophyllum,Não Encontrado,Não Encontrado,Sinônimo,Dalbergia ecastaphyllum
Desmodium adscendens,Nome Aceito,Desmodium adscendens,Não Encontrado,Não Encontrado,Diferente
Desmodium barbatum,Nome Aceito,Desmodium barbatum,Não Encontrado,Não Encontrado,Diferente
Desmodium incanum,Nome Aceito,Desmodium incanum,Não Encontrado,Não Encontrado,Diferente
Desmodium tortuosum,Nome Aceito,Desmodium tortuosum,Não Encontrado,Não Encontrado,Diferente
Dioclea grandiflora,Nome Aceito,Dioclea grandiflora,Nome Aceito,Dioclea grandiflora
Dioclea guianensis,Nome Aceito,Dioclea guianensis,Não Encontrado,Não Encontrado,Diferente
Discolobium leptophyllum,Nome Aceito,Discolobium leptophyllum,Não Encontrado,Não Encontrado,Diferente
Discolobium psoraliaefolium,Não Encontrado,Não Encontrado,Não Encontrado,Não Encontrado
Discolobium pulchellum,Nome Aceito,Discolobium pulchellum,Nome Aceito,Discolobium pulchellum
Eriosema simplicifolium,Nome Aceito,Eriosema simplicifolium,Não Encontrado,Não Encontrado,Diferente
Erythrina crista-galli,Nome Aceito,Erythrina crista-galli,Não Encontrado,Não Encontrado,Diferente
Indigofera hirsuta,Nome Aceito,Indigofera hirsuta,Não Encontrado,Não Encontrado,Diferente
Indigofera lespedezioides,Nome Aceito,Indigofera lespedezioides,Não Encontrado,Não Encontrado,Diferente
Indigofera sabulicola,Nome Aceito,Indigofera sabulicola,Sinônimo,Indigofera microcarpa,Diferente
Inga affinis,Sinônimo,Inga vera,Não Encontrado,Não Encontrado,Diferente
Inga marginata,Nome Aceito,Inga marginata,Sinônimo,Inga semialata,Diferente
Inga sessilis,Nome Aceito,Inga sessilis,Nome Aceito,Inga sessilis
Inga uruguensis,Sinônimo,Inga vera,Nome Aceito,Inga uruguensis,Diferente
Lonchocarpus sericeus,Nome Aceito,Lonchocarpus sericeus,Não Encontrado,Não Encontrado,Diferente
Macrolobium multijugum,Nome Aceito,Macrolobium multijugum,Não Encontrado,Não Encontrado,Diferente
Macroptilium gracile,Nome Aceito,Macroptilium gracile,Nome Aceito,Macroptilium gracile
Macroptilium lathyroides,Nome Aceito,Macroptilium lathyroides,Não Encontrado,Não Encontrado,Diferente
Mimosa bimucronata,Nome Aceito,Mimosa bimucronata,Não Encontrado,Não Encontrado,Diferente
Mimosa debilis,Nome Aceito,Mimosa debilis,Não Encontrado,Não Encontrado,Diferente
Mimosa dormiens,Nome Aceito,Mimosa dormiens,Nome Aceito,Mimosa dormiens
Mimosa invisa,Nome Aceito,Mimosa invisa,Não Encontrado,Não Encontrado,Diferente
Mimosa pellita,Nome Aceito,Mimosa pellita,Não Encontrado,Não Encontrado,Diferente
Mimosa pigra,Nome Aceito,Mimosa pigra,Não Encontrado,Não Encontrado,Diferente
Mimosa pudica,Nome Aceito,Mimosa pudica,Não Encontrado,Não Encontrado,Diferente
Mimosa setosa,Nome Aceito,Mimosa setosa,Não Encontrado,Não Encontrado,Diferente
Neptunia oleracea,Nome Aceito,Neptunia oleracea,Nome Aceito,Neptunia oleracea
Neptunia plena (L.),Não Encontrado,Não Encontrado,Não Encontrado,Não Encontrado
Neptunia prostrata,Sinônimo,Neptunia oleracea,Sinônimo,Neptunia oleracea
Rhynchosia minima,Nome Aceito,Rhynchosia minima,Não Encontrado,Não Encontrado,Diferente
Senna corymbosa,Nome Aceito,Senna corymbosa,Nome Aceito,Senna corymbosa
Senna obtusifolia (L.),Não Encontrado,Não Encontrado,Não Encontrado,Não Encontrado
Senna occidentalis,Nome Aceito,Senna occidentalis,Nome Aceito,Senna occidentalis
Senna reticulata,Nome Aceito,Senna reticulata,Nome Aceito,Senna reticulata
Senna uniflora,Nome Aceito,Senna uniflora,Nome Aceito,Senna uniflora
Sesbania exasperata,Nome Aceito,Sesbania exasperata,Não Encontrado,Não Encontrado,Diferente
Sesbania punicea,Nome Aceito,Sesbania punicea,Nome Aceito,Sesbania punicea
Stylosanthes angustifolia,Nome Aceito,Stylosanthes angustifolia,Não Encontrado,Não Encontrado,Diferente
Stylosanthes gracilis,Nome Aceito,Stylosanthes gracilis,Não Encontrado,Não Encontrado,Diferente
Stylosanthes guianensis,Nome Aceito,Stylosanthes guianensis,Não Encontrado,Não Encontrado,Diferente
Stylosanthes scabra Vogel,Não Encontrado,Não Encontrado,Não Encontrado,Não Encontrado
Stylosanthes viscosa,Nome Aceito,Stylosanthes viscosa,Não Encontrado,Não Encontrado,Diferente
Tephrosia purpurea,Sinônimo,Tephrosia domingensis,Não Encontrado,Não Encontrado,Diferente
Teramnus volubilis,Nome Aceito,Teramnus volubilis,Nome Aceito,Teramnus volubilis
Vachellia farnesiana,Nome Aceito,Vachellia farnesiana,Não Encontrado,Não Encontrado,Diferente
Vigna juruana,Nome Aceito,Vigna juruana,Nome Aceito,Vigna juruana
Vigna lasiocarpa,Nome Aceito,Vigna lasiocarpa,Nome Aceito,Vigna lasiocarpa
Vigna longifolia,Nome Aceito,Vigna longifolia,Nome Aceito,Vigna longifolia
Vigna luteola,Nome Aceito,Vigna luteola,Não Encontrado,Não Encontrado,Diferente
Zornia guanipensis,Nome Aceito,Zornia guanipensis,Sinônimo,Zornia marajoara,Diferente
Zornia latifolia,Nome Aceito,Zornia latifolia,Não Encontrado,Não Encontrado,Diferente
Coutoubea ramosa,Nome Aceito,Coutoubea ramosa,Não Encontrado,Não Encontrado,Diferente
Coutoubea spicata Aubl.,Não Encontrado,Não Encontrado,Não Encontrado,Não Encontrado
Curtia tenuifolia,Nome Aceito,Curtia tenuifolia,Não Encontrado,Não Encontrado,Diferente
Irlbachia alata,Sinônimo,Chelonanthus alatus,Não Encontrado,Não Encontrado,Diferente
Irlbachia purpurascens,Sinônimo,Chelonanthus purpurascens,Sinônimo,Chelonanthus purpurascens
Schultesia benthamiana,Nome Aceito,Schultesia benthamiana,Não Encontrado,Não Encontrado,Diferente
Schultesia brachyptera,Nome Aceito,Schultesia brachyptera,Não Encontrado,Não Encontrado,Diferente
Schultesia gracilis Mart.,Não Encontrado,Não Encontrado,Não Encontrado,Não Encontrado
Schultesia guianensis,Nome Aceito,Schultesia guianensis,Não Encontrado,Não Encontrado,Diferente
Schultesia optera,Não Encontrado,Não Encontrado,Não Encontrado,Não Encontrado
Drymonia coccinea,Nome Aceito,Drymonia coccinea,Nome Aceito,Drymonia coccinea
Sinningia elatior,Nome Aceito,Sinningia elatior,Nome Aceito,Sinningia elatior
Schiekia orinocensis,Nome Aceito,Schiekia orinocensis,Não Encontrado,Não Encontrado,Diferente
Laurembergia tetrandra,Nome Aceito,Laurembergia tetrandra,Não Encontrado,Não Encontrado,Diferente
Myriophyllum aquaticum,Nome Aceito,Myriophyllum aquaticum,Nome Aceito,Myriophyllum aquaticum
Myriophyllum elatinoides,Sinônimo,Myriophyllum quitense,Não Encontrado,Não Encontrado,Diferente
Proserpinaca palustris,Nome Aceito,Proserpinaca palustris,Não Encontrado,Não Encontrado,Diferente
Heliconia marginata,Nome Aceito,Heliconia marginata,Não Encontrado,Não Encontrado,Diferente
Heliconia psittacorum,Nome Aceito,Heliconia psittacorum,Não Encontrado,Não Encontrado,Diferente
Apalanthe granatensis,Nome Aceito,Apalanthe granatensis,Sinônimo,Elodea granatensis,Diferente
Egeria densa,Nome Aceito,Egeria densa,Nome Aceito,Egeria densa
Egeria najas,Nome Aceito,Egeria najas,Nome Aceito,Egeria najas
Elodea canadensis,Nome Aceito,Elodea canadensis,Não Encontrado,Não Encontrado,Diferente
Halophila decipiens,Nome Aceito,Halophila decipiens,Não Encontrado,Não Encontrado,Diferente
Hydrilla verticillata,Não Encontrado,Não Encontrado,Não Encontrado,Não Encontrado
Limnobium laevigatum,Nome Aceito,Limnobium laevigatum,Nome Aceito,Limnobium laevigatum
Najas argurta,Não Encontrado,Não Encontrado,Não Encontrado,Não Encontrado
Najas conferta,Nome Aceito,Najas conferta,Nome Aceito,Najas conferta
Najas guadalupensis,Nome Aceito,Najas guadalupensis,Não Encontrado,Não Encontrado,Diferente
Najas marina,Nome Aceito,Najas marina,Não Encontrado,Não Encontrado,Diferente
Najas microcarpa,Nome Aceito,Najas microcarpa,Não Encontrado,Não Encontrado,Diferente
Najas microdon,Sinônimo,Najas guadalupensis,Não Encontrado,Não Encontrado,Diferente
Ottelia brasiliensis,Nome Aceito,Ottelia brasiliensis,Nome Aceito,Ottelia brasiliensis
Hydrolea elatior,Nome Aceito,Hydrolea elatior,Não Encontrado,Não Encontrado,Diferente
Hydrolea spinosa,Nome Aceito,Hydrolea spinosa,Não Encontrado,Não Encontrado,Diferente
Hypericum brasiliense,Nome Aceito,Hypericum brasiliense,Não Encontrado,Não Encontrado,Diferente
Hypericum mutilum,Nome Aceito,Hypericum mutilum,Não Encontrado,Não Encontrado,Diferente
Vismia cayennensis,Nome Aceito,Vismia cayennensis,Não Encontrado,Não Encontrado,Diferente
Curculigo scorzonerifolia,Nome Aceito,Curculigo scorzonerifolia,Nome Aceito,Curculigo scorzonerifolia
Hypoxis decumbens,Nome Aceito,Hypoxis decumbens,Não Encontrado,Não Encontrado,Diferente
Cipura paludosa,Nome Aceito,Cipura paludosa,Não Encontrado,Não Encontrado,Diferente
Sisyrinchium micranthum,Nome Aceito,Sisyrinchium micranthum,Não Encontrado,Não Encontrado,Diferente
Sisyrinchium vaginatum,Nome Aceito,Sisyrinchium vaginatum,Não Encontrado,Não Encontrado,Diferente
Isoetes brasiliensis,Nome Aceito,Isoetes brasiliensis,Não Encontrado,Não Encontrado,Diferente
Isoetes ekmanii,Não Encontrado,Não Encontrado,Não Encontrado,Não Encontrado
Juncus acutus,Nome Aceito,Juncus acutus,Não Encontrado,Não Encontrado,Diferente
Juncus bufonius,Nome Aceito,Juncus bufonius,Não Encontrado,Não Encontrado,Diferente
Juncus capillaceus,Nome Aceito,Juncus capillaceus,Não Encontrado,Não Encontrado,Diferente
Juncus densiflorus,Nome Aceito,Juncus densiflorus,Não Encontrado,Não Encontrado,Diferente
Juncus dichotomus,Sinônimo,Not Specified,Não Encontrado,Não Encontrado,Diferente
Juncus dombeyanus,Sinônimo,Juncus pallescens,Não Encontrado,Não Encontrado,Diferente
Juncus effusus,Nome Aceito,Juncus effusus,Não Encontrado,Não Encontrado,Diferente
Juncus marginatus,Nome Aceito,Juncus marginatus,Não Encontrado,Não Encontrado,Diferente
Juncus microcephalus,Nome Aceito,Juncus microcephalus,Não Encontrado,Não Encontrado,Diferente
Juncus sellowianus,Sinônimo,Juncus microcephalus,Não Encontrado,Não Encontrado,Diferente
Juncus scirpoides,Nome Aceito,Juncus scirpoides,Não Encontrado,Não Encontrado,Diferente
Lilaea scilloides,Nome Aceito,Lilaea scilloides,Não Encontrado,Não Encontrado,Diferente
Triglochin striata,Nome Aceito,Triglochin striata,Não Encontrado,Não Encontrado,Diferente
Hyptis atrorubens,Nome Aceito,Hyptis atrorubens,Não Encontrado,Não Encontrado,Diferente
Hyptis brevipes,Nome Aceito,Hyptis brevipes,Não Encontrado,Não Encontrado,Diferente
Hyptis caespitosa,Nome Aceito,Hyptis caespitosa,Não Encontrado,Não Encontrado,Diferente
Hyptis dilatata,Nome Aceito,Hyptis dilatata,Não Encontrado,Não Encontrado,Diferente
Hyptis fasciculata,Sinônimo,Condea undulata,Não Encontrado,Não Encontrado,Diferente
Hyptis lacustris,Nome Aceito,Hyptis lacustris,Não Encontrado,Não Encontrado,Diferente
Hyptis lagenaria,Nome Aceito,Hyptis lagenaria,Não Encontrado,Não Encontrado,Diferente
Hyptis lantaniifolia,Não Encontrado,Não Encontrado,Não Encontrado,Não Encontrado
Hyptis lappacea,Nome Aceito,Hyptis lappacea,Não Encontrado,Não Encontrado,Diferente
Hyptis lorentziana,Nome Aceito,Hyptis lorentziana,Não Encontrado,Não Encontrado,Diferente
Hyptis mutabilis,Sinônimo,Cantinoa mutabilis,Não Encontrado,Não Encontrado,Diferente
Hyptis parkeri,Nome Aceito,Hyptis parkeri,Não Encontrado,Não Encontrado,Diferente
Hyptis recurvata,Nome Aceito,Hyptis recurvata,Não Encontrado,Não Encontrado,Diferente
Hyptis spicigera,Sinônimo,Cantinoa americana,Não Encontrado,Não Encontrado,Diferente
Hyptis suaveolens,Sinônimo,Mesosphaerum suaveolens,Não Encontrado,Não Encontrado,Diferente
Hyptis tetracephala,Nome Aceito,Hyptis tetracephala,Não Encontrado,Não Encontrado,Diferente
Hyptis vilis,Não Encontrado,Não Encontrado,Não Encontrado,Não Encontrado
Marsypianthes chamaedrys,Nome Aceito,Marsypianthes chamaedrys,Não Encontrado,Não Encontrado,Diferente
Ocimum campechianum,Nome Aceito,Ocimum campechianum,Não Encontrado,Não Encontrado,Diferente
Prunella vulgaris,Nome Aceito,Prunella vulgaris,Não Encontrado,Não Encontrado,Diferente
Salvia arenaria,Nome Aceito,Salvia arenaria,Não Encontrado,Não Encontrado,Diferente
Salvia scabrida,Nome Aceito,Salvia scabrida,Não Encontrado,Não Encontrado,Diferente
Scutellaria minor,Não Encontrado,Não Encontrado,Não Encontrado,Não Encontrado
Vitex cymosa,Nome Aceito,Vitex cymosa,Não Encontrado,Não Encontrado,Diferente
Vitex megapotamica,Nome Aceito,Vitex megapotamica,Não Encontrado,Não Encontrado,Diferente
Cassytha filiformis,Nome Aceito,Cassytha filiformis,Não Encontrado,Não Encontrado,Diferente
Genlisea filiformis,Nome Aceito,Genlisea filiformis,Não Encontrado,Não Encontrado,Diferente
Utricularia adpressa,Nome Aceito,Utricularia adpressa,Não Encontrado,Não Encontrado,Diferente
Utricularia breviscapa,Nome Aceito,Utricularia breviscapa,Não Encontrado,Não Encontrado,Diferente
Utricularia cucculata,Não Encontrado,Não Encontrado,Não Encontrado,Não Encontrado
Utricularia erectiflora,Nome Aceito,Utricularia erectiflora,Não Encontrado,Não Encontrado,Diferente
Utricularia fimbriata,Nome Aceito,Utricularia fimbriata,Não Encontrado,Não Encontrado,Diferente
Utricularia foliosa,Nome Aceito,Utricularia foliosa,Não Encontrado,Não Encontrado,Diferente
Utricularia gibba,Nome Aceito,Utricularia gibba,Não Encontrado,Não Encontrado,Diferente
Utricularia guyanensis,Nome Aceito,Utricularia guyanensis,Não Encontrado,Não Encontrado,Diferente
Utricularia hydrocarpa,Nome Aceito,Utricularia hydrocarpa,Não Encontrado,Não Encontrado,Diferente
Utricularia inflata,Sinônimo,Utricularia breviscapa,Não Encontrado,Não Encontrado,Diferente
Utricularia juncea,Nome Aceito,Utricularia juncea,Não Encontrado,Não Encontrado,Diferente
Utricularia laciniata,Nome Aceito,Utricularia laciniata,Não Encontrado,Não Encontrado,Diferente
Utricularia laxa,Nome Aceito,Utricularia laxa,Não Encontrado,Não Encontrado,Diferente
Utricularia myriocista,Nome Aceito,Utricularia myriocista,Não Encontrado,Não Encontrado,Diferente
Utricularia nana,Nome Aceito,Utricularia nana,Não Encontrado,Não Encontrado,Diferente
Utricularia neottioides,Nome Aceito,Utricularia neottioides,Não Encontrado,Não Encontrado,Diferente
Utricularia nervosa,Nome Aceito,Utricularia nervosa,Não Encontrado,Não Encontrado,Diferente
Utricularia nigrescens,Nome Aceito,Utricularia nigrescens,Não Encontrado,Não Encontrado,Diferente
Utricularia olivacea,Nome Aceito,Utricularia olivacea,Não Encontrado,Não Encontrado,Diferente
Utricularia physoceras,Nome Aceito,Utricularia physoceras,Não Encontrado,Não Encontrado,Diferente
Utricularia praelonga,Nome Aceito,Utricularia praelonga,Não Encontrado,Não Encontrado,Diferente
Utricularia poconensis,Nome Aceito,Utricularia poconensis,Não Encontrado,Não Encontrado,Diferente
Utricularia pusilla,Nome Aceito,Utricularia pusilla,Não Encontrado,Não Encontrado,Diferente
Utricularia reniformis,Nome Aceito,Utricularia reniformis,Não Encontrado,Não Encontrado,Diferente
Utricularia simulans,Nome Aceito,Utricularia simulans,Não Encontrado,Não Encontrado,Diferente
Utricularia subulata,Nome Aceito,Utricularia subulata,Não Encontrado,Não Encontrado,Diferente
Utricularia trichophylla,Nome Aceito,Utricularia trichophylla,Não Encontrado,Não Encontrado,Diferente
Utricularia tricolor,Nome Aceito,Utricularia tricolor,Não Encontrado,Não Encontrado,Diferente
Utricularia triloba,Nome Aceito,Utricularia triloba,Não Encontrado,Não Encontrado,Diferente
Utricularia warmingii,Nome Aceito,Utricularia warmingii,Não Encontrado,Não Encontrado,Diferente
Lindernia crustacea,Nome Aceito,Lindernia crustacea,Não Encontrado,Não Encontrado,Diferente
Lindernia diffusa,Nome Aceito,Lindernia diffusa,Não Encontrado,Não Encontrado,Diferente
Lindernia microcalyx,Sinônimo,Not Specified,Não Encontrado,Não Encontrado,Diferente
Lindernia rotundifolia,Nome Aceito,Lindernia rotundifolia,Não Encontrado,Não Encontrado,Diferente
Torenia thouarsii,Nome Aceito,Torenia thouarsii,Não Encontrado,Não Encontrado,Diferente
Spigelia anthelmia,Nome Aceito,Spigelia anthelmia,Não Encontrado,Não Encontrado,Diferente
Ammannia auriculata,Nome Aceito,Ammannia auriculata,Não Encontrado,Não Encontrado,Diferente
Ammannia latifolia,Nome Aceito,Ammannia latifolia,Não Encontrado,Não Encontrado,Diferente
Cuphea antisyphilitica,Nome Aceito,Cuphea antisyphilitica,Não Encontrado,Não Encontrado,Diferente
Cuphea arenarioides,Nome Aceito,Cuphea arenarioides,Não Encontrado,Não Encontrado,Diferente
Cuphea campestris,Nome Aceito,Cuphea campestris,Não Encontrado,Não Encontrado,Diferente
Cuphea carthagenensis,Nome Aceito,Cuphea carthagenensis,Não Encontrado,Não Encontrado,Diferente
Cuphea circaeoides,Nome Aceito,Cuphea circaeoides,Não Encontrado,Não Encontrado,Diferente
Cuphea fruticosa,Nome Aceito,Cuphea fruticosa,Não Encontrado,Não Encontrado,Diferente
Cuphea ingrata,Nome Aceito,Cuphea ingrata,Não Encontrado,Não Encontrado,Diferente
Cuphea melvilla,Nome Aceito,Cuphea melvilla,Não Encontrado,Não Encontrado,Diferente
Cuphea racemosa,Nome Aceito,Cuphea racemosa,Não Encontrado,Não Encontrado,Diferente
Cuphea repens,Nome Aceito,Cuphea repens,Não Encontrado,Não Encontrado,Diferente
Cuphea sessiliflora,Nome Aceito,Cuphea sessiliflora,Não Encontrado,Não Encontrado,Diferente
Heimia myrtifolia,Sinônimo,Heimia apetala,Não Encontrado,Não Encontrado,Diferente
Lythrum hyssopifolia,Nome Aceito,Lythrum hyssopifolia,Não Encontrado,Não Encontrado,Diferente
Pleurophora anomala,Nome Aceito,Pleurophora anomala,Não Encontrado,Não Encontrado,Diferente
Rotala mexicana,Nome Aceito,Rotala mexicana,Não Encontrado,Não Encontrado,Diferente
Rotala ramosior (L.),Não Encontrado,Não Encontrado,Não Encontrado,Não Encontrado
Rotala rotundifolia,Nome Aceito,Rotala rotundifolia,Não Encontrado,Não Encontrado,Diferente
Byrsonima intermedia,Nome Aceito,Byrsonima intermedia,Não Encontrado,Não Encontrado,Diferente
Byttneria genistella,Nome Aceito,Byttneria genistella,Não Encontrado,Não Encontrado,Diferente
Byttneria palustris,Nome Aceito,Byttneria palustris,Não Encontrado,Não Encontrado,Diferente
Byttneria ramosissima,Nome Aceito,Byttneria ramosissima,Não Encontrado,Não Encontrado,Diferente
Byttneria scabra,Nome Aceito,Byttneria scabra,Não Encontrado,Não Encontrado,Diferente
Corchorus argutus,Nome Aceito,Corchorus argutus,Não Encontrado,Não Encontrado,Diferente
Corchorus hirtus,Nome Aceito,Corchorus hirtus,Não Encontrado,Não Encontrado,Diferente
Helicteres guazumifolia,Nome Aceito,Helicteres guazumifolia,Não Encontrado,Não Encontrado,Diferente
Hibiscus bifurcatus,Nome Aceito,Hibiscus bifurcatus,Não Encontrado,Não Encontrado,Diferente
Hibiscus cisplatinus,Não Encontrado,Não Encontrado,Não Encontrado,Não Encontrado
Hibiscus dimidiatus,Nome Aceito,Hibiscus dimidiatus,Não Encontrado,Não Encontrado,Diferente
Hibiscus diversifolius,Nome Aceito,Hibiscus diversifolius,Não Encontrado,Não Encontrado,Diferente
Hibiscus furcellatus,Nome Aceito,Hibiscus furcellatus,Não Encontrado,Não Encontrado,Diferente
Hibiscus sororius,Nome Aceito,Hibiscus sororius,Não Encontrado,Não Encontrado,Diferente
Hibiscus striatus,Não Encontrado,Não Encontrado,Não Encontrado,Não Encontrado
Malachra radiata,Nome Aceito,Malachra radiata,Não Encontrado,Não Encontrado,Diferente
Melochia arenosa,Nome Aceito,Melochia arenosa,Não Encontrado,Não Encontrado,Diferente
Melochia graminifolia,Nome Aceito,Melochia graminifolia,Não Encontrado,Não Encontrado,Diferente
Melochia hirsuta,Sinônimo,Melochia villosa,Não Encontrado,Não Encontrado,Diferente
Melochia simplex,Nome Aceito,Melochia simplex,Não Encontrado,Não Encontrado,Diferente
Melochia spicata,Sinônimo,Malva spicata,Não Encontrado,Não Encontrado,Diferente
Monteiroa ptarmicifolia,Nome Aceito,Monteiroa ptarmicifolia,Não Encontrado,Não Encontrado,Diferente
Pavonia angustifolia,Nome Aceito,Pavonia angustifolia,Não Encontrado,Não Encontrado,Diferente
Pavonia cancellata,Nome Aceito,Pavonia cancellata,Não Encontrado,Não Encontrado,Diferente
Pavonia grandiflora,Nome Aceito,Pavonia grandiflora,Não Encontrado,Não Encontrado,Diferente
Pavonia laetevirens,Nome Aceito,Pavonia laetevirens,Não Encontrado,Não Encontrado,Diferente
Pavonia sessiliflora,Não Encontrado,Não Encontrado,Não Encontrado,Não Encontrado
Sida acuta,Nome Aceito,Sida acuta,Não Encontrado,Não Encontrado,Diferente
Sida anomala,Nome Aceito,Sida anomala,Não Encontrado,Não Encontrado,Diferente
Sida galheirensis,Nome Aceito,Sida galheirensis,Não Encontrado,Não Encontrado,Diferente
Sida rhombifolia,Nome Aceito,Sida rhombifolia,Não Encontrado,Não Encontrado,Diferente
Sida setosa,Nome Aceito,Sida setosa,Não Encontrado,Não Encontrado,Diferente
Sida spinosa,Nome Aceito,Sida spinosa,Não Encontrado,Não Encontrado,Diferente
Sidastrum multiflorum,Nome Aceito,Sidastrum multiflorum,Não Encontrado,Não Encontrado,Diferente
Triumfetta althaeoides,Nome Aceito,Triumfetta althaeoides,Não Encontrado,Não Encontrado,Diferente
Urena lobata,Nome Aceito,Urena lobata,Não Encontrado,Não Encontrado,Diferente
Waltheria americana,Sinônimo,Waltheria indica,Não Encontrado,Não Encontrado,Diferente
Waltheria indica,Nome Aceito,Waltheria indica,Não Encontrado,Não Encontrado,Diferente
Calathea capitata,Sinônimo,Goeppertia capitata,Não Encontrado,Não Encontrado,Diferente
Calathea comosa,Sinônimo,Goeppertia comosa,Não Encontrado,Não Encontrado,Diferente
Calathea lanata,Sinônimo,Goeppertia lanata,Não Encontrado,Não Encontrado,Diferente
Calathea loeseneri,Sinônimo,Goeppertia loeseneri,Não Encontrado,Não Encontrado,Diferente
Calathea micans,Sinônimo,Goeppertia micans,Não Encontrado,Não Encontrado,Diferente
Ischnosiphon polyphyllus,Nome Aceito,Ischnosiphon polyphyllus,Não Encontrado,Não Encontrado,Diferente
Thalia multiflora,Nome Aceito,Thalia multiflora,Não Encontrado,Não Encontrado,Diferente
Thalia geniculata,Nome Aceito,Thalia geniculata,Não Encontrado,Não Encontrado,Diferente
Mayaca fluviatilis,Nome Aceito,Mayaca fluviatilis,Não Encontrado,Não Encontrado,Diferente
Mayaca kunthii,Nome Aceito,Mayaca kunthii,Não Encontrado,Não Encontrado,Diferente
Mayaca longipes,Nome Aceito,Mayaca longipes,Não Encontrado,Não Encontrado,Diferente
Mayaca sellowiana,Nome Aceito,Mayaca sellowiana,Não Encontrado,Não Encontrado,Diferente
Aciotis acuminifolia,Nome Aceito,Aciotis acuminifolia,Não Encontrado,Não Encontrado,Diferente
Aciotis ornata,Nome Aceito,Aciotis ornata,Não Encontrado,Não Encontrado,Diferente
Acisanthera alsinaefolia,Nome Aceito,Acisanthera alsinaefolia,Não Encontrado,Não Encontrado,Diferente
Acisanthera divaricarta,Não Encontrado,Não Encontrado,Não Encontrado,Não Encontrado
Acisanthera fluitans,Sinônimo,Not Specified,Não Encontrado,Não Encontrado,Diferente
Acisanthera limnobios,Sinônimo,Noterophila limnobios,Não Encontrado,Não Encontrado,Diferente
Acisanthera variabilis,Nome Aceito,Acisanthera variabilis,Não Encontrado,Não Encontrado,Diferente
Cambessedesia hilariana,Nome Aceito,Cambessedesia hilariana,Não Encontrado,Não Encontrado,Diferente
Clidemia capitellata,Nome Aceito,Clidemia capitellata,Não Encontrado,Não Encontrado,Diferente
Clidemia hirta,Nome Aceito,Clidemia hirta,Não Encontrado,Não Encontrado,Diferente
Comolia villosa,Nome Aceito,Comolia villosa,Não Encontrado,Não Encontrado,Diferente
Desmoscelis villosa (Aubl.),Não Encontrado,Não Encontrado,Não Encontrado,Não Encontrado
Lavoisiera umbricata,Não Encontrado,Não Encontrado,Não Encontrado,Não Encontrado
Leandra multiplinervis,Nome Aceito,Leandra multiplinervis,Não Encontrado,Não Encontrado,Diferente
Maicarea radula,Não Encontrado,Não Encontrado,Não Encontrado,Não Encontrado
Miconia chamissois,Nome Aceito,Miconia chamissois,Não Encontrado,Não Encontrado,Diferente
Microlepis oleifolia,Sinônimo,Pleroma oleifolium,Não Encontrado,Não Encontrado,Diferente
Microlicia myrtoidea,Nome Aceito,Microlicia myrtoidea,Não Encontrado,Não Encontrado,Diferente
Pterolepis glomerata,Nome Aceito,Pterolepis glomerata,Não Encontrado,Não Encontrado,Diferente
Pterolepis repanda,Nome Aceito,Pterolepis repanda,Não Encontrado,Não Encontrado,Diferente
Rhynchanthera cordata,Nome Aceito,Rhynchanthera cordata,Não Encontrado,Não Encontrado,Diferente
Rhynchanthera dichotoma,Nome Aceito,Rhynchanthera dichotoma,Não Encontrado,Não Encontrado,Diferente
Rhynchanthera grandiflora,Nome Aceito,Rhynchanthera grandiflora,Não Encontrado,Não Encontrado,Diferente
Rhynchanthera hispida,Nome Aceito,Rhynchanthera hispida,Não Encontrado,Não Encontrado,Diferente
Rhynchanthera novemnervia,Nome Aceito,Rhynchanthera novemnervia,Não Encontrado,Não Encontrado,Diferente
Rhynchanthera serrulata,Nome Aceito,Rhynchanthera serrulata,Não Encontrado,Não Encontrado,Diferente
Rhynchanthera verbenoides,Nome Aceito,Rhynchanthera verbenoides,Não Encontrado,Não Encontrado,Diferente
Tibouchina aspera,Nome Aceito,Tibouchina aspera,Não Encontrado,Não Encontrado,Diferente
Tibouchina asperior,Sinônimo,Pleroma asperior,Não Encontrado,Não Encontrado,Diferente
Tibouchina cerastifolia,Nome Aceito,Tibouchina cerastifolia,Não Encontrado,Não Encontrado,Diferente
Tibouchina cisplatensis,Nome Aceito,Tibouchina cisplatensis,Não Encontrado,Não Encontrado,Diferente
Tibouchina gracilis,Sinônimo,Chaetogastra gracilis,Não Encontrado,Não Encontrado,Diferente
Tibouchina herbacea,Nome Aceito,Tibouchina herbacea,Não Encontrado,Não Encontrado,Diferente
Tibouchina sebastianopolitana,Nome Aceito,Tibouchina sebastianopolitana,Não Encontrado,Não Encontrado,Diferente
Tibouchina semidecandra,Sinônimo,Pleroma semidecandrum,Não Encontrado,Não Encontrado,Diferente
Tibouchina trichopoda,Sinônimo,Pleroma trichopodum,Não Encontrado,Não Encontrado,Diferente
Tibouchina urceolaris,Sinônimo,Pleroma urceolare,Não Encontrado,Não Encontrado,Diferente
Cissampelos andromorpha,Nome Aceito,Cissampelos andromorpha,Não Encontrado,Não Encontrado,Diferente
Cissampelos glaberrima,Nome Aceito,Cissampelos glaberrima,Não Encontrado,Não Encontrado,Diferente
Odontocarya arifolia,Sinônimo,Odontocarya membranacea,Não Encontrado,Não Encontrado,Diferente
Odontocarya tamoides,Nome Aceito,Odontocarya tamoides,Não Encontrado,Não Encontrado,Diferente
Nymphoides grayana,Nome Aceito,Nymphoides grayana,Não Encontrado,Não Encontrado,Diferente
Nymphoides humboldtiana,Nome Aceito,Nymphoides humboldtiana,Não Encontrado,Não Encontrado,Diferente
Nymphoides indica,Não Encontrado,Não Encontrado,Não Encontrado,Não Encontrado
Glinus radiatus,Nome Aceito,Glinus radiatus,Não Encontrado,Não Encontrado,Diferente
Mollugo verticillata,Nome Aceito,Mollugo verticillata,Não Encontrado,Não Encontrado,Diferente
Psidium acutangulum,Nome Aceito,Psidium acutangulum,Não Encontrado,Não Encontrado,Diferente
Psidium cattleianum,Nome Aceito,Psidium cattleianum,Não Encontrado,Não Encontrado,Diferente
Nymphaea alba,Não Encontrado,Não Encontrado,Não Encontrado,Não Encontrado
Nymphaea amazonum Mart.,Não Encontrado,Não Encontrado,Não Encontrado,Não Encontrado
Nymphaea ampla,Nome Aceito,Nymphaea ampla,Não Encontrado,Não Encontrado,Diferente
Nymphaea belophylla,Nome Aceito,Nymphaea belophylla,Não Encontrado,Não Encontrado,Diferente
Nymphaea caerulea,Nome Aceito,Nymphaea caerulea,Não Encontrado,Não Encontrado,Diferente
Nymphaea capensis,Nome Aceito,Nymphaea capensis,Não Encontrado,Não Encontrado,Diferente
Nymphaea gardneriana,Nome Aceito,Nymphaea gardneriana,Não Encontrado,Não Encontrado,Diferente
Nymphaea jamesoniana,Nome Aceito,Nymphaea jamesoniana,Não Encontrado,Não Encontrado,Diferente
Nymphaea lasiophylla,Nome Aceito,Nymphaea lasiophylla,Não Encontrado,Não Encontrado,Diferente
Nymphaea lingulata,Nome Aceito,Nymphaea lingulata,Não Encontrado,Não Encontrado,Diferente
Nymphaea lotus,Nome Aceito,Nymphaea lotus,Não Encontrado,Não Encontrado,Diferente
Nymphaea mexicana,Nome Aceito,Nymphaea mexicana,Não Encontrado,Não Encontrado,Diferente
Nymphaea odorata,Nome Aceito,Nymphaea odorata,Não Encontrado,Não Encontrado,Diferente
Nymphaea oxypetala,Nome Aceito,Nymphaea oxypetala,Não Encontrado,Não Encontrado,Diferente
Nymphaea prolifera,Nome Aceito,Nymphaea prolifera,Não Encontrado,Não Encontrado,Diferente
Nymphaea pulchella,Nome Aceito,Nymphaea pulchella,Não Encontrado,Não Encontrado,Diferente
Nymphaea rubra,Nome Aceito,Nymphaea rubra,Não Encontrado,Não Encontrado,Diferente
Nymphaea rudgeana,Nome Aceito,Nymphaea rudgeana,Não Encontrado,Não Encontrado,Diferente
Victoria amazonica,Nome Aceito,Victoria amazonica,Não Encontrado,Não Encontrado,Diferente
Sauvagesia erecta,Nome Aceito,Sauvagesia erecta,Não Encontrado,Não Encontrado,Diferente
Sauvagesia racemosa,Nome Aceito,Sauvagesia racemosa,Não Encontrado,Não Encontrado,Diferente
Sauvagesia rubiginosa,Nome Aceito,Sauvagesia rubiginosa,Não Encontrado,Não Encontrado,Diferente
Sauvagesia sprengelii,Nome Aceito,Sauvagesia sprengelii,Não Encontrado,Não Encontrado,Diferente
Ludwigia affinis,Nome Aceito,Ludwigia affinis,Não Encontrado,Não Encontrado,Diferente
Ludwigia caparosa,Nome Aceito,Ludwigia caparosa,Não Encontrado,Não Encontrado,Diferente
Ludwigia decurrens,Nome Aceito,Ludwigia decurrens,Não Encontrado,Não Encontrado,Diferente
Ludwigia densiflora,Nome Aceito,Ludwigia densiflora,Não Encontrado,Não Encontrado,Diferente
Ludwigia elegans,Nome Aceito,Ludwigia elegans,Não Encontrado,Não Encontrado,Diferente
Ludwigia erecta,Nome Aceito,Ludwigia erecta,Não Encontrado,Não Encontrado,Diferente
Ludwigia filiformis,Nome Aceito,Ludwigia filiformis,Não Encontrado,Não Encontrado,Diferente
Ludwigia grandiflora,Nome Aceito,Ludwigia grandiflora,Não Encontrado,Não Encontrado,Diferente
Ludwigia helminthorrhiza,Nome Aceito,Ludwigia helminthorrhiza,Não Encontrado,Não Encontrado,Diferente
Ludwigia hexapetala,Nome Aceito,Ludwigia hexapetala,Não Encontrado,Não Encontrado,Diferente
Ludwigia hyssopifolia,Nome Aceito,Ludwigia hyssopifolia,Não Encontrado,Não Encontrado,Diferente
Ludwigia inclinata,Nome Aceito,Ludwigia inclinata,Não Encontrado,Não Encontrado,Diferente
Ludwigia irwinii,Nome Aceito,Ludwigia irwinii,Não Encontrado,Não Encontrado,Diferente
Ludwigia lagunae,Nome Aceito,Ludwigia lagunae,Não Encontrado,Não Encontrado,Diferente
Ludwigia leptocarpa,Nome Aceito,Ludwigia leptocarpa,Não Encontrado,Não Encontrado,Diferente
Ludwigia linifolia,Não Encontrado,Não Encontrado,Não Encontrado,Não Encontrado
Ludwigia longifolia,Nome Aceito,Ludwigia longifolia,Não Encontrado,Não Encontrado,Diferente
Ludwigia major,Nome Aceito,Ludwigia major,Não Encontrado,Não Encontrado,Diferente
Ludwigia multinervia,Nome Aceito,Ludwigia multinervia,Não Encontrado,Não Encontrado,Diferente
Ludwigia nervosa,Nome Aceito,Ludwigia nervosa,Não Encontrado,Não Encontrado,Diferente
Ludwigia octovalvis,Nome Aceito,Ludwigia octovalvis,Não Encontrado,Não Encontrado,Diferente
Ludwigia peploides,Nome Aceito,Ludwigia peploides,Não Encontrado,Não Encontrado,Diferente
Ludwigia peruviana,Nome Aceito,Ludwigia peruviana,Não Encontrado,Não Encontrado,Diferente
Ludwigia rigida,Nome Aceito,Ludwigia rigida,Não Encontrado,Não Encontrado,Diferente
Ludwigia sedoides,Não Encontrado,Não Encontrado,Não Encontrado,Não Encontrado
Ludwigia sericea,Nome Aceito,Ludwigia sericea,Não Encontrado,Não Encontrado,Diferente
Ludwigia suffruticosa,Não Encontrado,Não Encontrado,Não Encontrado,Não Encontrado
Ludwigia tomentosa,Nome Aceito,Ludwigia tomentosa,Não Encontrado,Não Encontrado,Diferente
Ludwigia torulosa,Nome Aceito,Ludwigia torulosa,Não Encontrado,Não Encontrado,Diferente
Ludwigia uruguayensis,Sinônimo,Ludwigia hexapetala,Não Encontrado,Não Encontrado,Diferente
"""Anacheilium alagoense",Não Encontrado,Não Encontrado,Não Encontrado,Não Encontrado
Cleistes gracilis,Nome Aceito,Cleistes gracilis,Não Encontrado,Não Encontrado,Diferente
Cyrtopodium paludicolum,Nome Aceito,Cyrtopodium paludicolum,Não Encontrado,Não Encontrado,Diferente
Epidendrum dendrobioides,Nome Aceito,Epidendrum dendrobioides,Não Encontrado,Não Encontrado,Diferente
Erythrodes pumila,Sinônimo,Aspidogyne pumila,Não Encontrado,Não Encontrado,Diferente
Eulophia alta,Nome Aceito,Eulophia alta,Não Encontrado,Não Encontrado,Diferente
Habenaria aricaensis,Nome Aceito,Habenaria aricaensis,Não Encontrado,Não Encontrado,Diferente
Habenaria brachyphyton,Sinônimo,Habenaria parviflora,Não Encontrado,Não Encontrado,Diferente
Habenaria bractescens,Nome Aceito,Habenaria bractescens,Não Encontrado,Não Encontrado,Diferente
Habenaria graciliscarpa,Não Encontrado,Não Encontrado,Não Encontrado,Não Encontrado
Habenaria inconspicua,Nome Aceito,Habenaria inconspicua,Não Encontrado,Não Encontrado,Diferente
Habenaria johannensis,Nome Aceito,Habenaria johannensis,Não Encontrado,Não Encontrado,Diferente
Habenaria nabucoi,Nome Aceito,Habenaria nabucoi,Não Encontrado,Não Encontrado,Diferente
Habenaria nuda,Nome Aceito,Habenaria nuda,Não Encontrado,Não Encontrado,Diferente
Habenaria parviflora,Nome Aceito,Habenaria parviflora,Não Encontrado,Não Encontrado,Diferente
Habenaria pratensis,Nome Aceito,Habenaria pratensis,Não Encontrado,Não Encontrado,Diferente
Habenaria repens,Nome Aceito,Habenaria repens,Não Encontrado,Não Encontrado,Diferente
Habenaria riedelii,Sinônimo,Habenaria warmingii,Não Encontrado,Não Encontrado,Diferente
Habenaria vaupellii,Sinônimo,Habenaria johannensis,Não Encontrado,Não Encontrado,Diferente
Buchnera palustris,Nome Aceito,Buchnera palustris,Não Encontrado,Não Encontrado,Diferente
Buchnera rosea,Nome Aceito,Buchnera rosea,Não Encontrado,Não Encontrado,Diferente
Melasma melampyroides,Nome Aceito,Melasma melampyroides,Não Encontrado,Não Encontrado,Diferente
Vellosiella dracocephaloides,Não Encontrado,Não Encontrado,Não Encontrado,Não Encontrado
Oxalis barrelieri,Nome Aceito,Oxalis barrelieri,Não Encontrado,Não Encontrado,Diferente
Passiflora foetida L.,Não Encontrado,Não Encontrado,Não Encontrado,Não Encontrado
Passiflora vespertilio,Nome Aceito,Passiflora vespertilio,Não Encontrado,Não Encontrado,Diferente
Piriqueta cistoides,Nome Aceito,Piriqueta cistoides,Não Encontrado,Não Encontrado,Diferente
"""Piriqueta duarteana",Não Encontrado,Não Encontrado,Não Encontrado,Não Encontrado
Piriqueta racemosa,Nome Aceito,Piriqueta racemosa,Não Encontrado,Não Encontrado,Diferente
Turnera scabra,Nome Aceito,Turnera scabra,Não Encontrado,Não Encontrado,Diferente
Sesamum indicum,Não Encontrado,Não Encontrado,Não Encontrado,Não Encontrado
Phyllanthus fluitans,Nome Aceito,Phyllanthus fluitans,Não Encontrado,Não Encontrado,Diferente
Phyllanthus hyssopifolioloides,Não Encontrado,Não Encontrado,Não Encontrado,Não Encontrado
Phyllanthus niruri,Nome Aceito,Phyllanthus niruri,Não Encontrado,Não Encontrado,Diferente
Phyllanthus sellowianus,Nome Aceito,Phyllanthus sellowianus,Não Encontrado,Não Encontrado,Diferente
Phyllanthus stipulatus,Nome Aceito,Phyllanthus stipulatus,Não Encontrado,Não Encontrado,Diferente
Phytolacca thyrsiflora,Nome Aceito,Phytolacca thyrsiflora,Não Encontrado,Não Encontrado,Diferente
Piper caldense,Nome Aceito,Piper caldense,Não Encontrado,Não Encontrado,Diferente
Piper fuligineum,Nome Aceito,Piper fuligineum,Não Encontrado,Não Encontrado,Diferente
Achetaria ocymoides,Nome Aceito,Achetaria ocymoides,Não Encontrado,Não Encontrado,Diferente
Angelonia gardneri,Sinônimo,Angelonia salicariifolia,Não Encontrado,Não Encontrado,Diferente
Bacopa aquatica,Nome Aceito,Bacopa aquatica,Não Encontrado,Não Encontrado,Diferente
Bacopa arenaria,Nome Aceito,Bacopa arenaria,Não Encontrado,Não Encontrado,Diferente
Bacopa egensis,Nome Aceito,Bacopa egensis,Não Encontrado,Não Encontrado,Diferente
Bacopa lanigera,Nome Aceito,Bacopa lanigera,Não Encontrado,Não Encontrado,Diferente
Bacopa monnieri,Nome Aceito,Bacopa monnieri,Não Encontrado,Não Encontrado,Diferente
Bacopa rotundifolia,Nome Aceito,Bacopa rotundifolia,Não Encontrado,Não Encontrado,Diferente
Bacopa salzmannii,Nome Aceito,Bacopa salzmannii,Não Encontrado,Não Encontrado,Diferente
Bacopa serpylloides,Sinônimo,Mecardonia serpylloides,Não Encontrado,Não Encontrado,Diferente
Bacopa stricta,Nome Aceito,Bacopa stricta,Não Encontrado,Não Encontrado,Diferente
Bcopa reflexa,Não Encontrado,Não Encontrado,Não Encontrado,Não Encontrado
Callitriche deflexa,Nome Aceito,Callitriche deflexa,Não Encontrado,Não Encontrado,Diferente
Callitriche rimosa,Nome Aceito,Callitriche rimosa,Não Encontrado,Não Encontrado,Diferente
Conobea aquatica,Nome Aceito,Conobea aquatica,Não Encontrado,Não Encontrado,Diferente
Gratiola peruviana,Nome Aceito,Gratiola peruviana,Não Encontrado,Não Encontrado,Diferente
Mecardonia procumbens (Mill.) Small,Não Encontrado,Não Encontrado,Não Encontrado,Não Encontrado
Mecardonia serpylloides,Nome Aceito,Mecardonia serpylloides,Não Encontrado,Não Encontrado,Diferente
Micranthemum umbrosum,Nome Aceito,Micranthemum umbrosum,Não Encontrado,Não Encontrado,Diferente
Plantago australis,Nome Aceito,Plantago australis,Não Encontrado,Não Encontrado,Diferente
Scoparia dulcis,Nome Aceito,Scoparia dulcis,Não Encontrado,Não Encontrado,Diferente
Scoparia montevidensis,Nome Aceito,Scoparia montevidensis,Não Encontrado,Não Encontrado,Diferente
Stemodia durantifolia,Nome Aceito,Stemodia durantifolia,Não Encontrado,Não Encontrado,Diferente
Stemodia maritima,Nome Aceito,Stemodia maritima,Não Encontrado,Não Encontrado,Diferente
Stemodia pratensis,Sinônimo,,Não Encontrado,Não Encontrado,Diferente
Limonium brasiliense,Nome Aceito,Limonium brasiliense,Não Encontrado,Não Encontrado,Diferente
Acroceras zizanioides,Nome Aceito,Acroceras zizanioides,Não Encontrado,Não Encontrado,Diferente
Agrostis palustris,Não Encontrado,Não Encontrado,Não Encontrado,Não Encontrado
Andropogon bicornis,Nome Aceito,Andropogon bicornis,Não Encontrado,Não Encontrado,Diferente
Andropogon leucostachyus,Nome Aceito,Andropogon leucostachyus,Não Encontrado,Não Encontrado,Diferente
Andropogon selloanus,Nome Aceito,Andropogon selloanus,Não Encontrado,Não Encontrado,Diferente
Andropogon virgatus,Nome Aceito,Andropogon virgatus,Não Encontrado,Não Encontrado,Diferente
Anthephora hermaphrodita,Nome Aceito,Anthephora hermaphrodita,Não Encontrado,Não Encontrado,Diferente
Axonopus brasiliensis,Nome Aceito,Axonopus brasiliensis,Não Encontrado,Não Encontrado,Diferente
Axonopus leptostachyus,Nome Aceito,Axonopus leptostachyus,Não Encontrado,Não Encontrado,Diferente
Axonopus purpusii,Nome Aceito,Axonopus purpusii,Não Encontrado,Não Encontrado,Diferente
Bambusa trinii,Sinônimo,Guadua trinii,Não Encontrado,Não Encontrado,Diferente
Brachiaria brizantha,Sinônimo,Urochloa brizantha,Não Encontrado,Não Encontrado,Diferente
Brachiaria decumbens,Sinônimo,Urochloa decumbens,Não Encontrado,Não Encontrado,Diferente
Brachiaria mutica,Sinônimo,Urochloa mutica,Não Encontrado,Não Encontrado,Diferente
Brachiaria plantaginea,Sinônimo,Urochloa plantaginea,Não Encontrado,Não Encontrado,Diferente
Cenchrus echinatus,Nome Aceito,Cenchrus echinatus,Não Encontrado,Não Encontrado,Diferente
Cenchrus purpureus,Nome Aceito,Cenchrus purpureus,Não Encontrado,Não Encontrado,Diferente
Chloris barbata,Nome Aceito,Chloris barbata,Não Encontrado,Não Encontrado,Diferente
Chloris exilis,Nome Aceito,Chloris exilis,Não Encontrado,Não Encontrado,Diferente
Coix lacryma-jobi,Nome Aceito,Coix lacryma-jobi,Não Encontrado,Não Encontrado,Diferente
Cynodon dactylon,Nome Aceito,Cynodon dactylon,Não Encontrado,Não Encontrado,Diferente
Dactyloctenium aegyptium,Nome Aceito,Dactyloctenium aegyptium,Não Encontrado,Não Encontrado,Diferente
Digitaria ciliaris,Nome Aceito,Digitaria ciliaris,Não Encontrado,Não Encontrado,Diferente
Digitaria horizontalis,Nome Aceito,Digitaria horizontalis,Não Encontrado,Não Encontrado,Diferente
Digitaria violascens,Nome Aceito,Digitaria violascens,Não Encontrado,Não Encontrado,Diferente
Dinebra scabra,Nome Aceito,Dinebra scabra,Não Encontrado,Não Encontrado,Diferente
Echinochloa crusgalli,Nome Aceito,Echinochloa crusgalli,Não Encontrado,Não Encontrado,Diferente
Echinochloa crus-pavonis,Nome Aceito,Echinochloa crus-pavonis,Não Encontrado,Não Encontrado,Diferente
Echinochloa polystachya,Nome Aceito,Echinochloa polystachya,Não Encontrado,Não Encontrado,Diferente
Echinochloa colona (L.),Não Encontrado,Não Encontrado,Não Encontrado,Não Encontrado
Eleusine indica,Nome Aceito,Eleusine indica,Não Encontrado,Não Encontrado,Diferente
Eragrostis acutiflora,Nome Aceito,Eragrostis acutiflora,Não Encontrado,Não Encontrado,Diferente
Eragrostis bahiensis,Nome Aceito,Eragrostis bahiensis,Não Encontrado,Não Encontrado,Diferente
Eragrostis ciliaris,Nome Aceito,Eragrostis ciliaris,Não Encontrado,Não Encontrado,Diferente
"""Eragrostis hypnoides",Não Encontrado,Não Encontrado,Não Encontrado,Não Encontrado
Eragrostis japonica,Nome Aceito,Eragrostis japonica,Não Encontrado,Não Encontrado,Diferente
Eragrostis pilosa,Nome Aceito,Eragrostis pilosa,Não Encontrado,Não Encontrado,Diferente
Eragrostis tenella,Nome Aceito,Eragrostis tenella,Não Encontrado,Não Encontrado,Diferente
Eriochloa distachya,Nome Aceito,Eriochloa distachya,Não Encontrado,Não Encontrado,Diferente
Eriochloa punctata,Nome Aceito,Eriochloa punctata,Não Encontrado,Não Encontrado,Diferente
Eriochrysis cayennensis,Nome Aceito,Eriochrysis cayennensis,Não Encontrado,Não Encontrado,Diferente
Gynerium sagittatum,Nome Aceito,Gynerium sagittatum,Não Encontrado,Não Encontrado,Diferente
Heleochloa schoenoides,Não Encontrado,Não Encontrado,Não Encontrado,Não Encontrado
Homolepis aturensis,Nome Aceito,Homolepis aturensis,Não Encontrado,Não Encontrado,Diferente
Homolepis isocalycia,Nome Aceito,Homolepis isocalycia,Não Encontrado,Não Encontrado,Diferente
Hymenachne donacifolia,Nome Aceito,Hymenachne donacifolia,Não Encontrado,Não Encontrado,Diferente
Hymenachne amplexicaulis (Rudge),Não Encontrado,Não Encontrado,Não Encontrado,Não Encontrado
Hypoginum virgatum,Não Encontrado,Não Encontrado,Não Encontrado,Não Encontrado
Imperata brasiliensis,Nome Aceito,Imperata brasiliensis,Não Encontrado,Não Encontrado,Diferente
Imperata tenuis,Nome Aceito,Imperata tenuis,Não Encontrado,Não Encontrado,Diferente
Isachne polygonoides,Nome Aceito,Isachne polygonoides,Não Encontrado,Não Encontrado,Diferente
Ischaemum guianense,Nome Aceito,Ischaemum guianense,Não Encontrado,Não Encontrado,Diferente
Ischaemum minus,Nome Aceito,Ischaemum minus,Não Encontrado,Não Encontrado,Diferente
Lasiacis procerrima,Nome Aceito,Lasiacis procerrima,Não Encontrado,Não Encontrado,Diferente
Leersia hexandra Sw.,Não Encontrado,Não Encontrado,Não Encontrado,Não Encontrado
Leptochloa fascicularis,Não Encontrado,Não Encontrado,Não Encontrado,Não Encontrado
Leptochloa virgata,Nome Aceito,Leptochloa virgata,Não Encontrado,Não Encontrado,Diferente
Leptocoryphium lanatum,Sinônimo,Anthaenantia lanata,Não Encontrado,Não Encontrado,Diferente
Luziola bahiensis,Nome Aceito,Luziola bahiensis,Não Encontrado,Não Encontrado,Diferente
Luziola brasiliana,Sinônimo,Luziola peruviana,Não Encontrado,Não Encontrado,Diferente
Luziola fragilis,Nome Aceito,Luziola fragilis,Não Encontrado,Não Encontrado,Diferente
Luziola peruviana,Nome Aceito,Luziola peruviana,Não Encontrado,Não Encontrado,Diferente
Luziola spruceana,Nome Aceito,Luziola spruceana,Não Encontrado,Não Encontrado,Diferente
Luziola subintegra,Nome Aceito,Luziola subintegra,Não Encontrado,Não Encontrado,Diferente
Megathyrsus maximus,Nome Aceito,Megathyrsus maximus,Não Encontrado,Não Encontrado,Diferente
Mesosetum loliiforme,Nome Aceito,Mesosetum loliiforme,Não Encontrado,Não Encontrado,Diferente
Olyra ecaudata,Nome Aceito,Olyra ecaudata,Não Encontrado,Não Encontrado,Diferente
Olyra longifolia,Nome Aceito,Olyra longifolia,Não Encontrado,Não Encontrado,Diferente
Oryza glumaepatula,Nome Aceito,Oryza glumaepatula,Não Encontrado,Não Encontrado,Diferente
Oryza grandiglumis,Nome Aceito,Oryza grandiglumis,Não Encontrado,Não Encontrado,Diferente
Oryza latifolia,Nome Aceito,Oryza latifolia,Não Encontrado,Não Encontrado,Diferente
Oryza sativa,Nome Aceito,Oryza sativa,Não Encontrado,Não Encontrado,Diferente
Otachyrium succisum,Nome Aceito,Otachyrium succisum,Não Encontrado,Não Encontrado,Diferente
Otachyrium versicolor,Nome Aceito,Otachyrium versicolor,Não Encontrado,Não Encontrado,Diferente
Panicum aquaticum,Nome Aceito,Panicum aquaticum,Não Encontrado,Não Encontrado,Diferente
Panicum boliviense,Sinônimo,Not Specified,Não Encontrado,Não Encontrado,Diferente
Panicum dichotomiflorum,Nome Aceito,Panicum dichotomiflorum,Não Encontrado,Não Encontrado,Diferente
Panicum elephantipes,Sinônimo,Louisiella elephantipes,Não Encontrado,Não Encontrado,Diferente
Panicum grande,Sinônimo,Aconisia grandis,Não Encontrado,Não Encontrado,Diferente
Panicum grumosum,Sinônimo,Hymenachne grumosa,Não Encontrado,Não Encontrado,Diferente
Panicum helobium,Sinônimo,Trichanthecium schwackeanum,Não Encontrado,Não Encontrado,Diferente
Panicum laxum,Sinônimo,Steinchisma laxum,Não Encontrado,Não Encontrado,Diferente
Panicum maximum,Sinônimo,Megathyrsus maximus,Não Encontrado,Não Encontrado,Diferente
Panicum mertensii,Sinônimo,Stephostachys mertensii,Não Encontrado,Não Encontrado,Diferente
Panicum milleflorum,Sinônimo,Not Specified,Não Encontrado,Não Encontrado,Diferente
Panicum parvifolium,Sinônimo,Trichanthecium parvifolium,Não Encontrado,Não Encontrado,Diferente
Panicum pernambuncense,Não Encontrado,Não Encontrado,Não Encontrado,Não Encontrado
Panicum prionitis,Sinônimo,Coleataenia prionitis,Não Encontrado,Não Encontrado,Diferente
Panicum repens,Nome Aceito,Panicum repens,Não Encontrado,Não Encontrado,Diferente
Panicum rivulare,Sinônimo,Hymenachne pernambucensis,Não Encontrado,Não Encontrado,Diferente
Panicum sabulorum,Sinônimo,Dichanthelium sabulorum,Não Encontrado,Não Encontrado,Diferente
Panicum schwackeanum,Sinônimo,Trichanthecium schwackeanum,Não Encontrado,Não Encontrado,Diferente
Paratheria prostrata,Nome Aceito,Paratheria prostrata,Não Encontrado,Não Encontrado,Diferente
Pariana campestris,Nome Aceito,Pariana campestris,Não Encontrado,Não Encontrado,Diferente
Paspalidium paludivagum,Sinônimo,Paspalidium geminatum,Não Encontrado,Não Encontrado,Diferente
Paspalidium geminatum (Forssk.),Não Encontrado,Não Encontrado,Não Encontrado,Não Encontrado
Paspalum acuminatum,Nome Aceito,Paspalum acuminatum,Não Encontrado,Não Encontrado,Diferente
Paspalum boscianum,Nome Aceito,Paspalum boscianum,Não Encontrado,Não Encontrado,Diferente
Paspalum conjugatum,Nome Aceito,Paspalum conjugatum,Não Encontrado,Não Encontrado,Diferente
Paspalum conspersum,Nome Aceito,Paspalum conspersum,Não Encontrado,Não Encontrado,Diferente
Paspalum coryphaeum,Nome Aceito,Paspalum coryphaeum,Não Encontrado,Não Encontrado,Diferente
Paspalum densum,Nome Aceito,Paspalum densum,Não Encontrado,Não Encontrado,Diferente
Paspalum denticulatum,Nome Aceito,Paspalum denticulatum,Não Encontrado,Não Encontrado,Diferente
Paspalum distichum,Nome Aceito,Paspalum distichum,Não Encontrado,Não Encontrado,Diferente
Paspalum fasciculatum,Nome Aceito,Paspalum fasciculatum,Não Encontrado,Não Encontrado,Diferente
Paspalum glaucescens,Nome Aceito,Paspalum glaucescens,Não Encontrado,Não Encontrado,Diferente
Paspalum hydrophyllum,Não Encontrado,Não Encontrado,Não Encontrado,Não Encontrado
Paspalum ligulare,Nome Aceito,Paspalum ligulare,Não Encontrado,Não Encontrado,Diferente
Paspalum melanospermum,Nome Aceito,Paspalum melanospermum,Não Encontrado,Não Encontrado,Diferente
Paspalum millegrana,Nome Aceito,Paspalum millegrana,Não Encontrado,Não Encontrado,Diferente
Paspalum morichalense,Nome Aceito,Paspalum morichalense,Não Encontrado,Não Encontrado,Diferente
Paspalum orbiculatum,Nome Aceito,Paspalum orbiculatum,Não Encontrado,Não Encontrado,Diferente
Paspalum pulchellum,Nome Aceito,Paspalum pulchellum,Não Encontrado,Não Encontrado,Diferente
Paspalum pumilum,Nome Aceito,Paspalum pumilum,Não Encontrado,Não Encontrado,Diferente
Paspalum repens,Nome Aceito,Paspalum repens,Não Encontrado,Não Encontrado,Diferente
Paspalum trichophyllum,Nome Aceito,Paspalum trichophyllum,Não Encontrado,Não Encontrado,Diferente
Paspalum vaginatum,Nome Aceito,Paspalum vaginatum,Não Encontrado,Não Encontrado,Diferente
Paspalum virgatum,Nome Aceito,Paspalum virgatum,Não Encontrado,Não Encontrado,Diferente
Paspalum wrightii,Nome Aceito,Paspalum wrightii,Não Encontrado,Não Encontrado,Diferente
Pennisetum purpureum,Sinônimo,Cenchrus purpureus,Não Encontrado,Não Encontrado,Diferente
Poidium calotheca,Sinônimo,Chascolytrum calotheca,Não Encontrado,Não Encontrado,Diferente
Polypogon elongatus,Nome Aceito,Polypogon elongatus,Não Encontrado,Não Encontrado,Diferente
Raddiella esenbeckii,Nome Aceito,Raddiella esenbeckii,Não Encontrado,Não Encontrado,Diferente
Rhytachne rottboellioides,Nome Aceito,Rhytachne rottboellioides,Não Encontrado,Não Encontrado,Diferente
Reimarochloa aberrans,Nome Aceito,Reimarochloa aberrans,Não Encontrado,Não Encontrado,Diferente
Reimarochloa acuta,Nome Aceito,Reimarochloa acuta,Não Encontrado,Não Encontrado,Diferente
Reimarochloa brasiliensis,Nome Aceito,Reimarochloa brasiliensis,Não Encontrado,Não Encontrado,Diferente
Rugoloa hylaeica,Nome Aceito,Rugoloa hylaeica,Não Encontrado,Não Encontrado,Diferente
Rugoloa pilosa,Nome Aceito,Rugoloa pilosa,Não Encontrado,Não Encontrado,Diferente
Rugoloa polygonata,Nome Aceito,Rugoloa polygonata,Não Encontrado,Não Encontrado,Diferente
Sacciolepis striata,Nome Aceito,Sacciolepis striata,Não Encontrado,Não Encontrado,Diferente
Sacciolepis vilvoides,Nome Aceito,Sacciolepis vilvoides,Não Encontrado,Não Encontrado,Diferente
Sacciolepis myuros (Lam.),Não Encontrado,Não Encontrado,Não Encontrado,Não Encontrado
Spartina alterniflora,Nome Aceito,Spartina alterniflora,Não Encontrado,Não Encontrado,Diferente
Spartina densiflora,Nome Aceito,Spartina densiflora,Não Encontrado,Não Encontrado,Diferente
Setaria pauciflora,Não Encontrado,Não Encontrado,Não Encontrado,Não Encontrado
Setaria parviflora (Poir.),Não Encontrado,Não Encontrado,Não Encontrado,Não Encontrado
Sorghastrum setosum,Nome Aceito,Sorghastrum setosum,Não Encontrado,Não Encontrado,Diferente
Sorghum bicolor,Nome Aceito,Sorghum bicolor,Não Encontrado,Não Encontrado,Diferente
Sporobolus virginicus,Nome Aceito,Sporobolus virginicus,Não Encontrado,Não Encontrado,Diferente
Sporobolus indicus (L.),Não Encontrado,Não Encontrado,Não Encontrado,Não Encontrado
Steinchisma laxa,Não Encontrado,Não Encontrado,Não Encontrado,Não Encontrado
Steinchisma laxum,Nome Aceito,Steinchisma laxum,Não Encontrado,Não Encontrado,Diferente
Steinchisma decipiens (Nees ex,Não Encontrado,Não Encontrado,Não Encontrado,Não Encontrado
Stephostachys mertensii,Nome Aceito,Stephostachys mertensii,Não Encontrado,Não Encontrado,Diferente
Trichanthecium cyanenscens,Não Encontrado,Não Encontrado,Não Encontrado,Não Encontrado
Trichanthecium micranthum,Nome Aceito,Trichanthecium micranthum,Não Encontrado,Não Encontrado,Diferente
Trichanthecium nervosum,Nome Aceito,Trichanthecium nervosum,Não Encontrado,Não Encontrado,Diferente
Trichanthecium parvifolium,Nome Aceito,Trichanthecium parvifolium,Não Encontrado,Não Encontrado,Diferente
Trichanthecium pyrularium,Nome Aceito,Trichanthecium pyrularium,Não Encontrado,Não Encontrado,Diferente
Urochloa humidicola,Nome Aceito,Urochloa humidicola,Não Encontrado,Não Encontrado,Diferente
Urochloa plantaginea,Nome Aceito,Urochloa plantaginea,Não Encontrado,Não Encontrado,Diferente
Urochloa subquadripara,Nome Aceito,Urochloa subquadripara,Não Encontrado,Não Encontrado,Diferente
Zizaniopsis bonariensis,Nome Aceito,Zizaniopsis bonariensis,Não Encontrado,Não Encontrado,Diferente
