Dicliptera ciliaris,NOME_ACEITO,Dicliptera ciliaris
Dyschoriste maranhonis,NOME_ACEITO,Dyschoriste maranhonis
Hygrophila costata,NOME_ACEITO,Hygrophila costata
Hygrophila guianensis,SINONIMO,Hygrophila costata
Hygrophila helodes,SINONIMO,Hygrophila costata
Justicia comata,NOME_ACEITO,Justicia comata
Justicia aequilabris,NOME_ACEITO,Justicia aequilabris
Justicia laevilinguis,NOME_ACEITO,Justicia laevilinguis
Ruellia bahiensis,NOME_ACEITO,Ruellia bahiensis
Ruellia paniculata,NOME_ACEITO,Ruellia paniculata
Sesuvium portulacastrum,NOME_ACEITO,Sesuvium portulacastrum
Echinodorus argentinensis,SINONIMO,Echinodorus grandiflorus
Echinodorus bolivianus,SINONIMO,Helanthium bolivianum
Echinodorus cordifolius,NOME_ACEITO,Echinodorus cordifolius
Echinodorus floribundus,NOME_ACEITO,Echinodorus floribundus
Echinodorus glandulosus,NOME_ACEITO,Echinodorus glandulosus
Echinodorus grandiflorus,NOME_ACEITO,Echinodorus grandiflorus
Echinodorus grisebachii,NOME_ACEITO,Echinodorus grisebachii
Echinodorus lanceolatus,NOME_ACEITO,Echinodorus lanceolatus
Echinodorus longipetalus,NOME_ACEITO,Echinodorus longipetalus
Echinodorus longiscapus,NOME_ACEITO,Echinodorus longiscapus
Echinodorus macrophyllus,NOME_ACEITO,Echinodorus macrophyllus
Echinodorus berteroi,NOME_ACEITO,Echinodorus berteroi
Echinodorus paniculatus,NOME_ACEITO,Echinodorus paniculatus
Echinodorus pubescens,NOME_ACEITO,Echinodorus pubescens
Echinodorus reticulatus,SINONIMO,Echinodorus longipetalus
Echinodorus scaber,NOME_ACEITO,Echinodorus scaber
Echinodorus subalatus,NOME_ACEITO,Echinodorus subalatus
Echinodorus teretoscapus,SINONIMO,Echinodorus glaucus
Helanthium tenellum,NOME_ACEITO,Helanthium tenellum
Hydrocleys martii,NOME_ACEITO,Hydrocleys martii
Hydrocleys nymphoides,NOME_ACEITO,Hydrocleys nymphoides
Hydrocleys parviflora,NOME_ACEITO,Hydrocleys parviflora
Limnocharis flava,NOME_ACEITO,Limnocharis flava
Limnocharis laforestii,NOME_ACEITO,Limnocharis laforestii
Sagittaria guayanensis,NOME_ACEITO,Sagittaria guayanensis
Sagittaria lancifolia,NOME_ACEITO,Sagittaria lancifolia
Sagittaria montevidensis,NOME_ACEITO,Sagittaria montevidensis
Sagittaria planitiana,NOME_ACEITO,Sagittaria planitiana
Sagittaria rhombifolia,NOME_ACEITO,Sagittaria rhombifolia
Sagittaria sprucei,NOME_ACEITO,Sagittaria sprucei
Alstroemeria isabellana,NOME_ACEITO,Alstroemeria isabellana
Alternanthera aquatica,NOME_ACEITO,Alternanthera aquatica
Alternanthera brasiliana,NOME_ACEITO,Alternanthera brasiliana
Alternanthera paronychioides,NOME_ACEITO,Alternanthera paronychioides
Alternanthera philoxeroides,NOME_ACEITO,Alternanthera philoxeroides
Amaranthus spinosus,NOME_ACEITO,Amaranthus spinosus
Amaranthus viridis,NOME_ACEITO,Amaranthus viridis
Atriplex montevidensis,NOME_ACEITO,Atriplex montevidensis
Atriplex undulata,NOME_ACEITO,Atriplex undulata
Blutaparon portulacoides,NOME_ACEITO,Blutaparon portulacoides
Chamissoa altissima,NOME_ACEITO,Chamissoa altissima
Gomphrena demissa,NOME_ACEITO,Gomphrena demissa
Gomphrena elegans,NOME_ACEITO,Gomphrena elegans
Hebanthe paniculata,SINONIMO,Hebanthe eriantha
Pfaffia glomerata,NOME_ACEITO,Pfaffia glomerata
Pfaffia iresinoides,NOME_ACEITO,Pfaffia iresinoides
Salicornia ambigua,SINONIMO,Sarcocornia perennis
Salicornia gaudichaudiana,SINONIMO,Sarcocornia fruticosa
Crinum americanum,NOME_ACEITO,Crinum americanum
Schinus areira,NOME_ACEITO,Schinus areira
Centella asiatica,NOME_ACEITO,Centella asiatica
Eryngium ebracteatum,NOME_ACEITO,Eryngium ebracteatum
Eryngium eburneum,NOME_ACEITO,Eryngium eburneum
Eryngium ekmanii,NOME_ACEITO,Eryngium ekmanii
Eryngium pandanifolium,NOME_ACEITO,Eryngium pandanifolium
Hydrocotyle ranunculoides,NOME_ACEITO,Hydrocotyle ranunculoides
Hydrocotyle verticillata,NOME_ACEITO,Hydrocotyle verticillata
Lilaeopsis attenuata,NOME_ACEITO,Lilaeopsis attenuata
Lilaeopsis brasiliensis,NOME_ACEITO,Lilaeopsis brasiliensis
Lilaeopsis carolinensis,NOME_ACEITO,Lilaeopsis carolinensis
Lilaeopsis tenuis,NOME_ACEITO,Lilaeopsis tenuis
Allamanda cathartica,NOME_ACEITO,Allamanda cathartica
Allamanda nobilis,NOME_ACEITO,Allamanda nobilis
Ditassa hastata,NOME_ACEITO,Ditassa hastata
Mandevilla clandestina,NOME_ACEITO,Mandevilla clandestina
Mandevilla hirsuta,NOME_ACEITO,Mandevilla hirsuta
Mandevilla tenuifolia,NOME_ACEITO,Mandevilla tenuifolia
Odontadenia nitida,NOME_ACEITO,Odontadenia nitida
Oxypetalum pachyglossum,NOME_ACEITO,Oxypetalum pachyglossum
Oxypetalum tubatum,NOME_ACEITO,Oxypetalum tubatum
Rhabdadenia biflora,NOME_ACEITO,Rhabdadenia biflora
Rhabdadenia madida,NOME_ACEITO,Rhabdadenia madida
Alocasia acuminata,NOME_ACEITO,Alocasia acuminata
Colocasia esculenta,NOME_ACEITO,Colocasia esculenta
Dracontium longipes,NOME_ACEITO,Dracontium longipes
Landoltia punctata,SINONIMO,Spirodela punctata
Lemna aequinoctialis,NOME_ACEITO,Lemna aequinoctialis
Lemna gibba,NOME_ACEITO,Lemna gibba
Lemna minuta,NOME_ACEITO,Lemna minuta
Lemna valdiviana,NOME_ACEITO,Lemna valdiviana
Montrichardia arborescens,NOME_ACEITO,Montrichardia arborescens
Philodendron brasiliense,NOME_ACEITO,Philodendron brasiliense
Philodendron rudgeanum,NOME_ACEITO,Philodendron rudgeanum
Pistia stratiotes,NOME_ACEITO,Pistia stratiotes
Spirodela intermedia,SINONIMO,Spirodela punctata
Urospatha sagittifolia,NOME_ACEITO,Urospatha sagittifolia
Wolffia arrhiza,NOME_ACEITO,Wolffia arrhiza
Wolffia brasiliensis,NOME_ACEITO,Wolffia brasiliensis
Wolffia columbiana,NOME_ACEITO,Wolffia columbiana
Wolffiella lingulata,NOME_ACEITO,Wolffiella lingulata
Wolffiella welwitschii,NOME_ACEITO,Wolffiella welwitschii
Xanthosoma acutum,NOME_ACEITO,Xanthosoma acutum
Zantedeschia aethiopica,NOME_ACEITO,Zantedeschia aethiopica
Hydrocotyle bonariensis,NOME_ACEITO,Hydrocotyle bonariensis
Hydrocotyle leucocephala,NOME_ACEITO,Hydrocotyle leucocephala
Hydrocotyle ranunculoides,NOME_ACEITO,Hydrocotyle ranunculoides
Hydrocotyle verticillata,NOME_ACEITO,Hydrocotyle verticillata
Bactris maraja,NOME_ACEITO,Bactris maraja
Mauritia carana,NOME_ACEITO,Mauritia carana
Mauritiella armata,NOME_ACEITO,Mauritiella armata
Aristolochia macroura,NOME_ACEITO,Aristolochia macroura
Acanthospermum australe,NOME_ACEITO,Acanthospermum australe
Acanthospermum hispidum,NOME_ACEITO,Acanthospermum hispidum
Achyrocline alata,NOME_ACEITO,Achyrocline alata
Acmella uliginosa,NOME_ACEITO,Acmella uliginosa
Adenostemma brasilianum,NOME_ACEITO,Adenostemma brasilianum
Ageratum conyzoides,NOME_ACEITO,Ageratum conyzoides
Ambrosia acanthicarpa,NOME_ACEITO,Ambrosia acanthicarpa
Aster squamatus,NOME_ACEITO,Aster squamatus
Baccharis microcephala,NOME_ACEITO,Baccharis microcephala
Baccharis penningtonii,NOME_ACEITO,Baccharis penningtonii
Baccharis spicata,NOME_ACEITO,Baccharis spicata
Baccharis acaulis,NOME_ACEITO,Baccharis acaulis
Baccharidastrum argentum,NOME_ACEITO,Baccharidastrum argentum
Barrosoa betonicaeformis,NOME_ACEITO,Barrosoa betonicaeformis
Bidens laevis,NOME_ACEITO,Bidens laevis
Blainvillea dichotoma,NOME_ACEITO,Blainvillea dichotoma
Centratherum punctatum,NOME_ACEITO,Centratherum punctatum
Calea marginata,NOME_ACEITO,Calea marginata
Campuloclinium purpurascens,NOME_ACEITO,Campuloclinium purpurascens
Chaptalia graminifolia,NOME_ACEITO,Chaptalia graminifolia
Chrysolaena platensis,NOME_ACEITO,Chrysolaena platensis
Clibadium acuminatum,NOME_ACEITO,Clibadium acuminatum
Conyza sumatrensis,NOME_ACEITO,Conyza sumatrensis
Cotula coronopifolia,NOME_ACEITO,Cotula coronopifolia
Delilia biflora,NOME_ACEITO,Delilia biflora
Eclipta megapotamica,NOME_ACEITO,Eclipta megapotamica
Eclipta prostrata,NOME_ACEITO,Eclipta prostrata
Egletes viscosa,NOME_ACEITO,Egletes viscosa
Elephantopus mollis,NOME_ACEITO,Elephantopus mollis
Emilia coccinea,NOME_ACEITO,Emilia coccinea
Emilia sonchifolia,NOME_ACEITO,Emilia sonchifolia
Enydra anagallis,NOME_ACEITO,Enydra anagallis
Enydra radicans,NOME_ACEITO,Enydra radicans
Enydra sessilis,NOME_ACEITO,Enydra sessilis
Enydra anagallis,NOME_ACEITO,Enydra anagallis
Erechtites hieracifolia,NOME_ACEITO,Erechtites hieracifolia
Erechtites glomeratus,NOME_ACEITO,Erechtites glomeratus
Erechtites valerianifolius,NOME_ACEITO,Erechtites valerianifolius
Eupatorium adspersum,NOME_ACEITO,Eupatorium adspersum
Grazielia intermedia,NOME_ACEITO,Grazielia intermedia
Gymnocoronis spilanthoides,NOME_ACEITO,Gymnocoronis spilanthoides
Jaegeria hirta,NOME_ACEITO,Jaegeria hirta
Jungia floribunda,NOME_ACEITO,Jungia floribunda
Lepidaploa chalybaea,NOME_ACEITO,Lepidaploa chalybaea
Lessingianthus glabratus,NOME_ACEITO,Lessingianthus glabratus
Mikania congesta,NOME_ACEITO,Mikania congesta
Mikania cordifolia,NOME_ACEITO,Mikania cordifolia
Mikania micrantha,NOME_ACEITO,Mikania micrantha
Mikania periplocifolia,NOME_ACEITO,Mikania periplocifolia
Pacourina edulis,NOME_ACEITO,Pacourina edulis
Picrosia longifolia,NOME_ACEITO,Picrosia longifolia
Pluchea sagittalis,NOME_ACEITO,Pluchea sagittalis
Praxelis sanctopaulensis,NOME_ACEITO,Praxelis sanctopaulensis
Pterocaulon balansae,NOME_ACEITO,Pterocaulon balansae
Richterago radiata,SINONIMO,Actinoseris radiata
Rolandra fruticosa,NOME_ACEITO,Rolandra fruticosa
Senecio bonariensis,NOME_ACEITO,Senecio bonariensis
Senecio erisithalifolius,NOME_ACEITO,Senecio erisithalifolius
Senecio mattfeldianus,NOME_ACEITO,Senecio mattfeldianus
Senecio tweediei,NOME_ACEITO,Senecio tweediei
Sonchus oleraceus,NOME_ACEITO,Sonchus oleraceus
Sphagneticola trilobata,NOME_ACEITO,Sphagneticola trilobata
Synedrella nodiflora,NOME_ACEITO,Synedrella nodiflora
Tilesia baccata,NOME_ACEITO,Tilesia baccata
Trichospira verticillata,NOME_ACEITO,Trichospira verticillata
Vernonanthura beyrichii,NOME_ACEITO,Vernonanthura beyrichii
Vernonanthura brasiliana,NOME_ACEITO,Vernonanthura brasiliana
Wedelia alagoensis,NOME_ACEITO,Wedelia alagoensis
Impatiens abbatis,NOME_ACEITO,Impatiens abbatis
Begonia cucullata,NOME_ACEITO,Begonia cucullata
Begonia hirtella,NOME_ACEITO,Begonia hirtella
Begonia reniformis,NOME_ACEITO,Begonia reniformis
Pleonotoma clematis,NOME_ACEITO,Pleonotoma clematis
Tanaecium pyramidatum,NOME_ACEITO,Tanaecium pyramidatum
Tynanthus polyanthus,NOME_ACEITO,Tynanthus polyanthus
Cordia curassavica,NOME_ACEITO,Cordia curassavica
Cordia multispicata,NOME_ACEITO,Cordia multispicata
Cordia superba,NOME_ACEITO,Cordia superba
Cordia tetrandra,NOME_ACEITO,Cordia tetrandra
Euploca procumbens,SINONIMO,Heliotropium procumbens
Heliotropium angiospermum,NOME_ACEITO,Heliotropium angiospermum
Heliotropium elongatum,NOME_ACEITO,Heliotropium elongatum
Heliotropium indicum,NOME_ACEITO,Heliotropium indicum
Heliotropium procumbens,NOME_ACEITO,Heliotropium procumbens
Tournefortia bicolor,NOME_ACEITO,Tournefortia bicolor
Cardamine bonariensis,NOME_ACEITO,Cardamine bonariensis
Nasturtium officinale,NOME_ACEITO,Nasturtium officinale
Burmannia australis,NOME_ACEITO,Burmannia australis
Burmannia capitata,NOME_ACEITO,Burmannia capitata
Burmannia flava,NOME_ACEITO,Burmannia flava
Cabomba aquatica,NOME_ACEITO,Cabomba aquatica
Cabomba caroliniana,NOME_ACEITO,Cabomba caroliniana
Cabomba furcata,NOME_ACEITO,Cabomba furcata
Cabomba haynesii,NOME_ACEITO,Cabomba haynesii
Centropogon cornutus,NOME_ACEITO,Centropogon cornutus
Lobelia anceps,NOME_ACEITO,Lobelia anceps
Lobelia aquatica,NOME_ACEITO,Lobelia aquatica
Lobelia camporum,NOME_ACEITO,Lobelia camporum
Lobelia exaltata,NOME_ACEITO,Lobelia exaltata
Lobelia fistulosa,NOME_ACEITO,Lobelia fistulosa
Lobelia nummularioides,NOME_ACEITO,Lobelia nummularioides
Lobelia xalapensis,NOME_ACEITO,Lobelia xalapensis
Siphocampylus actinothrix,NOME_ACEITO,Siphocampylus actinothrix
Canna indica,NOME_ACEITO,Canna indica
Canna glauca,NOME_ACEITO,Canna glauca
Canna bangii,NOME_ACEITO,Canna bangii
Aneilema umbrosum,NOME_ACEITO,Aneilema umbrosum
Commelina erecta,NOME_ACEITO,Commelina erecta
Commelina schomburgkiana,NOME_ACEITO,Commelina schomburgkiana
Dichorisandra hexandra,NOME_ACEITO,Dichorisandra hexandra
Floscopa glabrata,NOME_ACEITO,Floscopa glabrata
Tripogandra diuretica,NOME_ACEITO,Tripogandra diuretica
Aniseia argentina,NOME_ACEITO,Aniseia argentina
Cressa truxillensis,NOME_ACEITO,Cressa truxillensis
Evolvulus filipes,NOME_ACEITO,Evolvulus filipes
Evolvulus nummularius,NOME_ACEITO,Evolvulus nummularius
Evolvulus alopecuroides,NOME_ACEITO,Evolvulus alopecuroides
Ipomoea alba,NOME_ACEITO,Ipomoea alba
Ipomoea aquatica,NOME_ACEITO,Ipomoea aquatica
Ipomoea abyssinica,NOME_ACEITO,Ipomoea abyssinica
Ipomoea batatas,NOME_ACEITO,Ipomoea batatas
Ipomoea cairica,NOME_ACEITO,Ipomoea cairica
Ipomoea carnea,NOME_ACEITO,Ipomoea carnea
Ipomoea cynanchifolia,NOME_ACEITO,Ipomoea cynanchifolia
Ipomoea fimbriosepala,NOME_ACEITO,Ipomoea fimbriosepala
Ipomoea indivisa,NOME_ACEITO,Ipomoea indivisa
Ipomoea philomega,NOME_ACEITO,Ipomoea philomega
Ipomoea quamoclit,NOME_ACEITO,Ipomoea quamoclit
Ipomoea setifera,NOME_ACEITO,Ipomoea setifera
Ipomoea squamosa,NOME_ACEITO,Ipomoea squamosa
Ipomoea subrevoluta,NOME_ACEITO,Ipomoea subrevoluta
Ipomoea wrightii,NOME_ACEITO,Ipomoea wrightii
Iseia luxurians,NOME_ACEITO,Iseia luxurians
Jacquemontia heterantha,NOME_ACEITO,Jacquemontia heterantha
Merremia aegyptia,NOME_ACEITO,Merremia aegyptia
Merremia umbellata,NOME_ACEITO,Merremia umbellata
Operculina hamiltonii,NOME_ACEITO,Operculina hamiltonii
Tetralocularia pennellii,NOME_ACEITO,Tetralocularia pennellii
Costus arabicus,NOME_ACEITO,Costus arabicus
Costus acanthocephalus,NOME_ACEITO,Costus acanthocephalus
Crassula peduncularis,NOME_ACEITO,Crassula peduncularis
Cyclanthera hystrix,NOME_ACEITO,Cyclanthera hystrix
Elaterium amazonicum,SINONIMO,Rytidostylis amazonica
Fevillea trilobata,NOME_ACEITO,Fevillea trilobata
Gurania bignoniacea,NOME_ACEITO,Gurania bignoniacea
Gurania tricuspidata,NOME_ACEITO,Gurania tricuspidata
Luffa operculata,NOME_ACEITO,Luffa operculata
Momordica charantia,NOME_ACEITO,Momordica charantia
Halodule emarginata,NOME_ACEITO,Halodule emarginata
Halodule wrightii,NOME_ACEITO,Halodule wrightii
Abildgaardia ovata,SINONIMO,Fimbristylis ovata
Becquerelia cymosa,NOME_ACEITO,Becquerelia cymosa
Becquerelia muricata,NOME_ACEITO,Becquerelia muricata
Bulbostylis capillaris,NOME_ACEITO,Bulbostylis capillaris
Bulbostylis junciformis,NOME_ACEITO,Bulbostylis junciformis
Bulbostylis juncoides,NOME_ACEITO,Bulbostylis juncoides
Bulbostylis sellowiana,NOME_ACEITO,Bulbostylis sellowiana
Bulbostylis truncata,NOME_ACEITO,Bulbostylis truncata
Carex brasiliensis,NOME_ACEITO,Carex brasiliensis
Carex pseudocyperus,NOME_ACEITO,Carex pseudocyperus
Cyperus aggregatus,NOME_ACEITO,Cyperus aggregatus
Cyperus amabilis,NOME_ACEITO,Cyperus amabilis
Cyperus articulatus,NOME_ACEITO,Cyperus articulatus
Cyperus barrosianus,SINONIMO,Pycreus tener
Cyperus berroi,NOME_ACEITO,Cyperus berroi
Cyperus absconditicoronatus,NOME_ACEITO,Cyperus absconditicoronatus
Cyperus chalaranthus,NOME_ACEITO,Cyperus chalaranthus
Cyperus compressus,NOME_ACEITO,Cyperus compressus
Cyperus cornelii-ostenii,NOME_ACEITO,Cyperus cornelii-ostenii
Cyperus corymbosus,NOME_ACEITO,Cyperus corymbosus
Cyperus cuspidatus,NOME_ACEITO,Cyperus cuspidatus
Cyperus diffusus,NOME_ACEITO,Cyperus diffusus
Cyperus digitatus,NOME_ACEITO,Cyperus digitatus
Cyperus distans,NOME_ACEITO,Cyperus distans
Cyperus eragrostis,NOME_ACEITO,Cyperus eragrostis
Cyperus esculentus,NOME_ACEITO,Cyperus esculentus
Cyperus fistulosus,SINONIMO,Cyperus articulatus
Cyperus gardneri,NOME_ACEITO,Cyperus gardneri
Cyperus giganteus,NOME_ACEITO,Cyperus giganteus
Cyperus haspan,NOME_ACEITO,Cyperus haspan
Cyperus hermaphroditus,NOME_ACEITO,Cyperus hermaphroditus
Cyperus imbricatus,NOME_ACEITO,Cyperus imbricatus
Cyperus intricatus,NOME_ACEITO,Cyperus intricatus
Cyperus involucratus,NOME_ACEITO,Cyperus involucratus
Cyperus iria,NOME_ACEITO,Cyperus iria
Cyperus laetus,NOME_ACEITO,Cyperus laetus
Cyperus laxus,NOME_ACEITO,Cyperus laxus
Cyperus ligularis,NOME_ACEITO,Cyperus ligularis
Cyperus luzulae,NOME_ACEITO,Cyperus luzulae
Cyperus absconditicoronatus,NOME_ACEITO,Cyperus absconditicoronatus
Cyperus odoratus,NOME_ACEITO,Cyperus odoratus
Cyperus papyrus,NOME_ACEITO,Cyperus papyrus
Cyperus prolixus,NOME_ACEITO,Cyperus prolixus
Cyperus reflexus,NOME_ACEITO,Cyperus reflexus
Cyperus rigens,NOME_ACEITO,Cyperus rigens
Cyperus rotundus,NOME_ACEITO,Cyperus rotundus
Cyperus surinamensis,NOME_ACEITO,Cyperus surinamensis
Cyperus uncinulatus,NOME_ACEITO,Cyperus uncinulatus
Cyperus virens,NOME_ACEITO,Cyperus virens
Dialium guianense,NOME_ACEITO,Dialium guianense
Eleocharis acutangula,NOME_ACEITO,Eleocharis acutangula
Eleocharis atropurpurea,NOME_ACEITO,Eleocharis atropurpurea
Eleocharis barrosii,NOME_ACEITO,Eleocharis barrosii
Eleocharis bonariensis,NOME_ACEITO,Eleocharis bonariensis
Eleocharis capillacea,NOME_ACEITO,Eleocharis capillacea
Eleocharis debilis,NOME_ACEITO,Eleocharis debilis
Eleocharis elata,SINONIMO,Eleocharis plicarhachis
Eleocharis elegans,NOME_ACEITO,Eleocharis elegans
Eleocharis elongata,NOME_ACEITO,Eleocharis elongata
Eleocharis equisetoides,NOME_ACEITO,Eleocharis equisetoides
Eleocharis filiculmis,NOME_ACEITO,Eleocharis filiculmis
Eleocharis flavescens,NOME_ACEITO,Eleocharis flavescens
Eleocharis geniculata,NOME_ACEITO,Eleocharis geniculata
Eleocharis interstincta,NOME_ACEITO,Eleocharis interstincta
Eleocharis maculosa,NOME_ACEITO,Eleocharis maculosa
Eleocharis minarum,NOME_ACEITO,Eleocharis minarum
Eleocharis minima,NOME_ACEITO,Eleocharis minima
Eleocharis montana,NOME_ACEITO,Eleocharis montana
Eleocharis mutata,NOME_ACEITO,Eleocharis mutata
Eleocharis nana,NOME_ACEITO,Eleocharis nana
Eleocharis nudipes,NOME_ACEITO,Eleocharis nudipes
Eleocharis radicans,SINONIMO,Eleocharis exigua
Eleocharis retroflexa,NOME_ACEITO,Eleocharis retroflexa
Eleocharis sellowiana,NOME_ACEITO,Eleocharis sellowiana
Eleocharis subarticulata,NOME_ACEITO,Eleocharis subarticulata
Eleocharis abnorma,NOME_ACEITO,Eleocharis abnorma
Fimbristylis aestivalis,NOME_ACEITO,Fimbristylis aestivalis
Fimbristylis autumnalis,NOME_ACEITO,Fimbristylis autumnalis
Fimbristylis complanata,NOME_ACEITO,Fimbristylis complanata
Fimbristylis cymosa,NOME_ACEITO,Fimbristylis cymosa
Fimbristylis dichotoma,NOME_ACEITO,Fimbristylis dichotoma
Fimbristylis spadicea,NOME_ACEITO,Fimbristylis spadicea
Fimbristylis squarrosa,NOME_ACEITO,Fimbristylis squarrosa
Fuirena incompleta,NOME_ACEITO,Fuirena incompleta
Fuirena robusta,NOME_ACEITO,Fuirena robusta
Fuirena umbellata,NOME_ACEITO,Fuirena umbellata
Hyparrhenia rufa,NOME_ACEITO,Hyparrhenia rufa
Kyllinga odorata,NOME_ACEITO,Kyllinga odorata
Kyllinga pumila,NOME_ACEITO,Kyllinga pumila
Lipocarpha humboldtiana,SINONIMO,Lipocarpha chinensis
Lipocarpha micrantha,NOME_ACEITO,Lipocarpha micrantha
Lipocarpha salzmanniana,NOME_ACEITO,Lipocarpha salzmanniana
Lipocarpha sellowiana,SINONIMO,Lipocarpha maculata
Pycreus flavescens,NOME_ACEITO,Pycreus flavescens
Pycreus macrostachyos,NOME_ACEITO,Pycreus macrostachyos
Pycreus polystachyos,NOME_ACEITO,Pycreus polystachyos
Rhynchospora barbata,NOME_ACEITO,Rhynchospora barbata
Rhynchospora brittonii,NOME_ACEITO,Rhynchospora brittonii
Rhynchospora cephalotes,NOME_ACEITO,Rhynchospora cephalotes
Rhynchospora contracta,NOME_ACEITO,Rhynchospora contracta
Rhynchospora corymbosa,NOME_ACEITO,Rhynchospora corymbosa
Rhynchospora gigantea,NOME_ACEITO,Rhynchospora gigantea
Rhynchospora holoschoenoides,NOME_ACEITO,Rhynchospora holoschoenoides
Rhynchospora marisculus,NOME_ACEITO,Rhynchospora marisculus
Rhynchospora nervosa,NOME_ACEITO,Rhynchospora nervosa
Rhynchospora pubera,NOME_ACEITO,Rhynchospora pubera
Rhynchospora riparia,NOME_ACEITO,Rhynchospora riparia
Rhynchospora schomburgkiana,NOME_ACEITO,Rhynchospora schomburgkiana
Rhynchospora subplumosa,NOME_ACEITO,Rhynchospora subplumosa
Rhynchospora tenerrima,NOME_ACEITO,Rhynchospora tenerrima
Rhynchospora tenuis,NOME_ACEITO,Rhynchospora tenuis
Rhynchospora trispicata,NOME_ACEITO,Rhynchospora trispicata
Rhynchospora velutina,NOME_ACEITO,Rhynchospora velutina
Schoenoplectus californicus,NOME_ACEITO,Schoenoplectus californicus
Scirpus giganteus,SINONIMO,Androtrichum giganteum
Scirpus submersus,SINONIMO,Eleocharis confervoides
Scleria bracteata,NOME_ACEITO,Scleria bracteata
Scleria distans,NOME_ACEITO,Scleria distans
Scleria hirtella,NOME_ACEITO,Scleria hirtella
Scleria melaleuca,SINONIMO,Scleria gaertneri
Scleria microcarpa,NOME_ACEITO,Scleria microcarpa
Scleria mitis,NOME_ACEITO,Scleria mitis
Scleria secans,NOME_ACEITO,Scleria secans
Scleria abortiva,NOME_ACEITO,Scleria abortiva
Websteria confervoides,SINONIMO,Eleocharis confervoides
Dioscorea marginata,NOME_ACEITO,Dioscorea marginata
Drosera communis,NOME_ACEITO,Drosera communis
Drosera intermedia,NOME_ACEITO,Drosera intermedia
Elatine lindbergii,NOME_ACEITO,Elatine lindbergii
Equisetum giganteum,NOME_ACEITO,Equisetum giganteum
Equisetum hyemale,NOME_ACEITO,Equisetum hyemale
Agarista chlorantha,NOME_ACEITO,Agarista chlorantha
Gaylussacia brasiliensis,NOME_ACEITO,Gaylussacia brasiliensis
Eriocaulon angustifolium,NOME_ACEITO,Eriocaulon angustifolium
Eriocaulon aquatile,NOME_ACEITO,Eriocaulon aquatile
Eriocaulon humboldtii,NOME_ACEITO,Eriocaulon humboldtii
Eriocaulon magnificum,NOME_ACEITO,Eriocaulon magnificum
Eriocaulon modestum,NOME_ACEITO,Eriocaulon modestum
Eriocaulon obtusum,NOME_ACEITO,Eriocaulon obtusum
Eriocaulon setaceum,NOME_ACEITO,Eriocaulon setaceum
Leiothrix pilulifera,NOME_ACEITO,Leiothrix pilulifera
Leiothrix rufula,NOME_ACEITO,Leiothrix rufula
Paepalanthus bifidus,NOME_ACEITO,Paepalanthus bifidus
Paepalanthus lamarckii,NOME_ACEITO,Paepalanthus lamarckii
Paepalanthus planifolius,NOME_ACEITO,Paepalanthus planifolius
Paepalanthus tortilis,NOME_ACEITO,Paepalanthus tortilis
Syngonanthus anomalus,NOME_ACEITO,Syngonanthus anomalus
Syngonanthus caulescens,NOME_ACEITO,Syngonanthus caulescens
Syngonanthus chrysanthus,NOME_ACEITO,Syngonanthus chrysanthus
Syngonanthus gracilis,NOME_ACEITO,Syngonanthus gracilis
Syngonanthus oblongus,NOME_ACEITO,Syngonanthus oblongus
Tonina fluviatilis,NOME_ACEITO,Tonina fluviatilis
Acalypha poiretii,NOME_ACEITO,Acalypha poiretii
Argythamnia heteropetala,SINONIMO,Caperonia heteropetala
Astraea lobata,NOME_ACEITO,Astraea lobata
Caperonia castaneifolia,NOME_ACEITO,Caperonia castaneifolia
Caperonia aculeolata,NOME_ACEITO,Caperonia aculeolata
Caperonia palustris,NOME_ACEITO,Caperonia palustris
Croton trinitatis,NOME_ACEITO,Croton trinitatis
Dalechampia scandens,NOME_ACEITO,Dalechampia scandens
Dalechampia tiliifolia,NOME_ACEITO,Dalechampia tiliifolia
Euphorbia prostrata,NOME_ACEITO,Euphorbia prostrata
Euphorbia thymifolia,NOME_ACEITO,Euphorbia thymifolia
Sapium glandulatum,SINONIMO,Sapium glandulosum
Sesbania benthamiana,NOME_ACEITO,Sesbania benthamiana
Tonina fluviatilis,NOME_ACEITO,Tonina fluviatilis
Adesmia latifolia,NOME_ACEITO,Adesmia latifolia
Aeschynomene americana,NOME_ACEITO,Aeschynomene americana
Aeschynomene ciliata,NOME_ACEITO,Aeschynomene ciliata
Aeschynomene denticulata,NOME_ACEITO,Aeschynomene denticulata
Aeschynomene evenia,NOME_ACEITO,Aeschynomene evenia
Aeschynomene filosa,NOME_ACEITO,Aeschynomene filosa
Aeschynomene fluminensis,NOME_ACEITO,Aeschynomene fluminensis
Aeschynomene indica,NOME_ACEITO,Aeschynomene indica
Aeschynomene mollicula,NOME_ACEITO,Aeschynomene mollicula
Aeschynomene montevidensis,NOME_ACEITO,Aeschynomene montevidensis
Aeschynomene paniculata,NOME_ACEITO,Aeschynomene paniculata
Aeschynomene rudis,NOME_ACEITO,Aeschynomene rudis
Aeschynomene scabra,NOME_ACEITO,Aeschynomene scabra
Aeschynomene sensitiva,NOME_ACEITO,Aeschynomene sensitiva
Anadenanthera colubrina,NOME_ACEITO,Anadenanthera colubrina
Calopogonium mucunoides,NOME_ACEITO,Calopogonium mucunoides
Centrosema brasilianum,NOME_ACEITO,Centrosema brasilianum
Centrosema pubescens,NOME_ACEITO,Centrosema pubescens
Chamaecrista calycioides,NOME_ACEITO,Chamaecrista calycioides
Chamaecrista diphylla,NOME_ACEITO,Chamaecrista diphylla
Chamaecrista hispidula,NOME_ACEITO,Chamaecrista hispidula
Chamaecrista nictitans,NOME_ACEITO,Chamaecrista nictitans
Chamaecrista repens,NOME_ACEITO,Chamaecrista repens
Clitoria falcata,NOME_ACEITO,Clitoria falcata
Clitoria guianensis,NOME_ACEITO,Clitoria guianensis
Clitoria laurifolia,NOME_ACEITO,Clitoria laurifolia
Collaea speciosa,NOME_ACEITO,Collaea speciosa
Crotalaria abbreviata,NOME_ACEITO,Crotalaria abbreviata
Crotalaria micans,NOME_ACEITO,Crotalaria micans
Crotalaria nitens,NOME_ACEITO,Crotalaria nitens
Crotalaria pallida,NOME_ACEITO,Crotalaria pallida
Crotalaria pilosa,NOME_ACEITO,Crotalaria pilosa
Crotalaria sagittalis,NOME_ACEITO,Crotalaria sagittalis
Cymbosema roseum,NOME_ACEITO,Cymbosema roseum
Dalbergia ecastophyllum,SINONIMO,Dalbergia ecastaphyllum
Desmodium adscendens,NOME_ACEITO,Desmodium adscendens
Desmodium barbatum,NOME_ACEITO,Desmodium barbatum
Desmodium incanum,NOME_ACEITO,Desmodium incanum
Desmodium tortuosum,NOME_ACEITO,Desmodium tortuosum
Dioclea grandiflora,NOME_ACEITO,Dioclea grandiflora
Dioclea guianensis,NOME_ACEITO,Dioclea guianensis
Discolobium leptophyllum,NOME_ACEITO,Discolobium leptophyllum
Discolobium elongatum,NOME_ACEITO,Discolobium elongatum
Discolobium pulchellum,NOME_ACEITO,Discolobium pulchellum
Eriosema simplicifolium,NOME_ACEITO,Eriosema simplicifolium
Erythrina crista-galli,NOME_ACEITO,Erythrina crista-galli
Indigofera hirsuta,NOME_ACEITO,Indigofera hirsuta
Indigofera lespedezioides,NOME_ACEITO,Indigofera lespedezioides
Indigofera sabulicola,SINONIMO,Indigofera microcarpa
Inga affinis,NOME_ACEITO,Inga affinis
Inga marginata,SINONIMO,Inga semialata
Inga sessilis,NOME_ACEITO,Inga sessilis
Inga uruguensis,NOME_ACEITO,Inga uruguensis
Lonchocarpus sericeus,NOME_ACEITO,Lonchocarpus sericeus
Macrolobium multijugum,NOME_ACEITO,Macrolobium multijugum
Macroptilium gracile,NOME_ACEITO,Macroptilium gracile
Macroptilium lathyroides,NOME_ACEITO,Macroptilium lathyroides
Mimosa bimucronata,NOME_ACEITO,Mimosa bimucronata
Mimosa debilis,NOME_ACEITO,Mimosa debilis
Mimosa dormiens,NOME_ACEITO,Mimosa dormiens
Mimosa invisa,NOME_ACEITO,Mimosa invisa
Mimosa pellita,NOME_ACEITO,Mimosa pellita
Mimosa pigra,NOME_ACEITO,Mimosa pigra
Mimosa pudica,NOME_ACEITO,Mimosa pudica
Mimosa setosa,NOME_ACEITO,Mimosa setosa
Neptunia oleracea,NOME_ACEITO,Neptunia oleracea
Neptunia prostrata,SINONIMO,Neptunia oleracea
Rhynchosia minima,NOME_ACEITO,Rhynchosia minima
Senna corymbosa,NOME_ACEITO,Senna corymbosa
Senna occidentalis,NOME_ACEITO,Senna occidentalis
Senna reticulata,NOME_ACEITO,Senna reticulata
Senna uniflora,NOME_ACEITO,Senna uniflora
Sesbania exasperata,NOME_ACEITO,Sesbania exasperata
Sesbania punicea,NOME_ACEITO,Sesbania punicea
Stylosanthes angustifolia,NOME_ACEITO,Stylosanthes angustifolia
Stylosanthes guianensis,NOME_ACEITO,Stylosanthes guianensis
Stylosanthes viscosa,NOME_ACEITO,Stylosanthes viscosa
Tephrosia purpurea,NOME_ACEITO,Tephrosia purpurea
Teramnus volubilis,NOME_ACEITO,Teramnus volubilis
Vigna juruana,NOME_ACEITO,Vigna juruana
Vigna lasiocarpa,NOME_ACEITO,Vigna lasiocarpa
Vigna longifolia,NOME_ACEITO,Vigna longifolia
Vigna luteola,NOME_ACEITO,Vigna luteola
Zornia guanipensis,SINONIMO,Zornia marajoara
Zornia latifolia,NOME_ACEITO,Zornia latifolia
Coutoubea ramosa,NOME_ACEITO,Coutoubea ramosa
Curtia tenuifolia,NOME_ACEITO,Curtia tenuifolia
Irlbachia purpurascens,SINONIMO,Chelonanthus purpurascens
Schultesia benthamiana,NOME_ACEITO,Schultesia benthamiana
Schultesia brachyptera,NOME_ACEITO,Schultesia brachyptera
Schultesia guianensis,NOME_ACEITO,Schultesia guianensis
Schultesia angustifolia,NOME_ACEITO,Schultesia angustifolia
Drymonia coccinea,NOME_ACEITO,Drymonia coccinea
Sinningia elatior,NOME_ACEITO,Sinningia elatior
Schiekia orinocensis,NOME_ACEITO,Schiekia orinocensis
Laurembergia tetrandra,NOME_ACEITO,Laurembergia tetrandra
Myriophyllum aquaticum,NOME_ACEITO,Myriophyllum aquaticum
Proserpinaca palustris,NOME_ACEITO,Proserpinaca palustris
Heliconia marginata,NOME_ACEITO,Heliconia marginata
Heliconia psittacorum,NOME_ACEITO,Heliconia psittacorum
Apalanthe granatensis,SINONIMO,Elodea granatensis
Egeria densa,NOME_ACEITO,Egeria densa
Egeria najas,NOME_ACEITO,Egeria najas
Elodea canadensis,NOME_ACEITO,Elodea canadensis
Halophila decipiens,NOME_ACEITO,Halophila decipiens
Hydrilla verticillata,NOME_ACEITO,Hydrilla verticillata
Limnobium laevigatum,NOME_ACEITO,Limnobium laevigatum
Najas affinis,NOME_ACEITO,Najas affinis
Najas conferta,NOME_ACEITO,Najas conferta
Najas guadalupensis,NOME_ACEITO,Najas guadalupensis
Najas marina,NOME_ACEITO,Najas marina
Ottelia brasiliensis,NOME_ACEITO,Ottelia brasiliensis
Hydrolea elatior,NOME_ACEITO,Hydrolea elatior
Hydrolea spinosa,NOME_ACEITO,Hydrolea spinosa
Hypericum brasiliense,NOME_ACEITO,Hypericum brasiliense
Hypericum mutilum,NOME_ACEITO,Hypericum mutilum
Vismia cayennensis,NOME_ACEITO,Vismia cayennensis
Curculigo scorzonerifolia,NOME_ACEITO,Curculigo scorzonerifolia
Hypoxis decumbens,NOME_ACEITO,Hypoxis decumbens
Cipura paludosa,NOME_ACEITO,Cipura paludosa
Sisyrinchium micranthum,NOME_ACEITO,Sisyrinchium micranthum
Sisyrinchium vaginatum,NOME_ACEITO,Sisyrinchium vaginatum
Isoetes acadiensis,NOME_ACEITO,Isoetes acadiensis
Isoetes ekmanii,UNRESOLVED
Juncus acutus,NOME_ACEITO,Juncus acutus
Juncus bufonius,NOME_ACEITO,Juncus bufonius
Juncus capillaceus,NOME_ACEITO,Juncus capillaceus
Juncus densiflorus,NOME_ACEITO,Juncus densiflorus
Juncus dichotomus,NOME_ACEITO,Juncus dichotomus
Juncus effusus,NOME_ACEITO,Juncus effusus
Juncus marginatus,NOME_ACEITO,Juncus marginatus
Juncus microcephalus,NOME_ACEITO,Juncus microcephalus
Juncus sellowianus,SINONIMO,Juncus microcephalus
Juncus scirpoides,NOME_ACEITO,Juncus scirpoides
Triglochin striata,NOME_ACEITO,Triglochin striata
Hyptis atrorubens,NOME_ACEITO,Hyptis atrorubens
Hyptis brevipes,NOME_ACEITO,Hyptis brevipes
Hyptis caespitosa,NOME_ACEITO,Hyptis caespitosa
Hyptis dilatata,NOME_ACEITO,Hyptis dilatata
Hyptis fasciculata,NOME_ACEITO,Hyptis fasciculata
Hyptis lacustris,NOME_ACEITO,Hyptis lacustris
Hyptis lagenaria,NOME_ACEITO,Hyptis lagenaria
Hyptis actinocephala,NOME_ACEITO,Hyptis actinocephala
Hyptis lappacea,NOME_ACEITO,Hyptis lappacea
Hyptis lorentziana,NOME_ACEITO,Hyptis lorentziana
Hyptis mutabilis,NOME_ACEITO,Hyptis mutabilis
Hyptis parkeri,NOME_ACEITO,Hyptis parkeri
Hyptis recurvata,NOME_ACEITO,Hyptis recurvata
Hyptis spicigera,NOME_ACEITO,Hyptis spicigera
Hyptis suaveolens,NOME_ACEITO,Hyptis suaveolens
Hyptis tetracephala,NOME_ACEITO,Hyptis tetracephala
Hyptis vilis,NOME_ACEITO,Hyptis vilis
Marsypianthes chamaedrys,NOME_ACEITO,Marsypianthes chamaedrys
Ocimum campechianum,NOME_ACEITO,Ocimum campechianum
Prunella vulgaris,NOME_ACEITO,Prunella vulgaris
Salvia arenaria,NOME_ACEITO,Salvia arenaria
Salvia scabrida,NOME_ACEITO,Salvia scabrida
Scutellaria minor,NOME_ACEITO,Scutellaria minor
Vitex cymosa,NOME_ACEITO,Vitex cymosa
Vitex megapotamica,NOME_ACEITO,Vitex megapotamica
Cassytha filiformis,NOME_ACEITO,Cassytha filiformis
Genlisea filiformis,NOME_ACEITO,Genlisea filiformis
Utricularia adpressa,NOME_ACEITO,Utricularia adpressa
Utricularia breviscapa,NOME_ACEITO,Utricularia breviscapa
Utricularia adpressa,NOME_ACEITO,Utricularia adpressa
Utricularia erectiflora,NOME_ACEITO,Utricularia erectiflora
Utricularia fimbriata,NOME_ACEITO,Utricularia fimbriata
Utricularia foliosa,NOME_ACEITO,Utricularia foliosa
Utricularia gibba,NOME_ACEITO,Utricularia gibba
Utricularia guyanensis,NOME_ACEITO,Utricularia guyanensis
Utricularia hydrocarpa,NOME_ACEITO,Utricularia hydrocarpa
Utricularia juncea,NOME_ACEITO,Utricularia juncea
Utricularia laciniata,NOME_ACEITO,Utricularia laciniata
Utricularia laxa,NOME_ACEITO,Utricularia laxa
Utricularia myriocista,NOME_ACEITO,Utricularia myriocista
Utricularia nana,NOME_ACEITO,Utricularia nana
Utricularia neottioides,NOME_ACEITO,Utricularia neottioides
Utricularia nervosa,NOME_ACEITO,Utricularia nervosa
Utricularia nigrescens,NOME_ACEITO,Utricularia nigrescens
Utricularia olivacea,NOME_ACEITO,Utricularia olivacea
Utricularia physoceras,NOME_ACEITO,Utricularia physoceras
Utricularia praelonga,NOME_ACEITO,Utricularia praelonga
Utricularia poconensis,NOME_ACEITO,Utricularia poconensis
Utricularia pusilla,NOME_ACEITO,Utricularia pusilla
Utricularia reniformis,NOME_ACEITO,Utricularia reniformis
Utricularia simulans,NOME_ACEITO,Utricularia simulans
Utricularia subulata,NOME_ACEITO,Utricularia subulata
Utricularia trichophylla,NOME_ACEITO,Utricularia trichophylla
Utricularia tricolor,NOME_ACEITO,Utricularia tricolor
Utricularia triloba,NOME_ACEITO,Utricularia triloba
Utricularia warmingii,NOME_ACEITO,Utricularia warmingii
Lindernia crustacea,NOME_ACEITO,Lindernia crustacea
Lindernia diffusa,NOME_ACEITO,Lindernia diffusa
Lindernia microcalyx,NOME_ACEITO,Lindernia microcalyx
Lindernia rotundifolia,NOME_ACEITO,Lindernia rotundifolia
Torenia thouarsii,NOME_ACEITO,Torenia thouarsii
Spigelia anthelmia,NOME_ACEITO,Spigelia anthelmia
Ammannia auriculata,NOME_ACEITO,Ammannia auriculata
Ammannia latifolia,NOME_ACEITO,Ammannia latifolia
Cuphea antisyphilitica,NOME_ACEITO,Cuphea antisyphilitica
Cuphea arenarioides,NOME_ACEITO,Cuphea arenarioides
Cuphea campestris,NOME_ACEITO,Cuphea campestris
Cuphea carthagenensis,NOME_ACEITO,Cuphea carthagenensis
Cuphea circaeoides,NOME_ACEITO,Cuphea circaeoides
Cuphea fruticosa,NOME_ACEITO,Cuphea fruticosa
Cuphea ingrata,NOME_ACEITO,Cuphea ingrata
Cuphea melvilla,NOME_ACEITO,Cuphea melvilla
Cuphea racemosa,NOME_ACEITO,Cuphea racemosa
Cuphea repens,NOME_ACEITO,Cuphea repens
Cuphea sessiliflora,NOME_ACEITO,Cuphea sessiliflora
Heimia myrtifolia,NOME_ACEITO,Heimia myrtifolia
Lythrum hyssopifolia,NOME_ACEITO,Lythrum hyssopifolia
Pleurophora anomala,NOME_ACEITO,Pleurophora anomala
Rotala mexicana,NOME_ACEITO,Rotala mexicana
Rotala rotundifolia,NOME_ACEITO,Rotala rotundifolia
Byrsonima intermedia,NOME_ACEITO,Byrsonima intermedia
Byttneria genistella,NOME_ACEITO,Byttneria genistella
Byttneria palustris,NOME_ACEITO,Byttneria palustris
Byttneria ramosissima,NOME_ACEITO,Byttneria ramosissima
Byttneria scabra,NOME_ACEITO,Byttneria scabra
Corchorus hirtus,NOME_ACEITO,Corchorus hirtus
Helicteres guazumifolia,NOME_ACEITO,Helicteres guazumifolia
Hibiscus bifurcatus,NOME_ACEITO,Hibiscus bifurcatus
Hibiscus cisplatinus,SINONIMO,Hibiscus striatus
Hibiscus dimidiatus,NOME_ACEITO,Hibiscus dimidiatus
Hibiscus diversifolius,NOME_ACEITO,Hibiscus diversifolius
Hibiscus furcellatus,NOME_ACEITO,Hibiscus furcellatus
Hibiscus sororius,NOME_ACEITO,Hibiscus sororius
Hibiscus striatus,NOME_ACEITO,Hibiscus striatus
Malachra radiata,NOME_ACEITO,Malachra radiata
Melochia arenosa,NOME_ACEITO,Melochia arenosa
Melochia graminifolia,NOME_ACEITO,Melochia graminifolia
Melochia simplex,NOME_ACEITO,Melochia simplex
Melochia spicata,NOME_ACEITO,Melochia spicata
Monteiroa ptarmicifolia,NOME_ACEITO,Monteiroa ptarmicifolia
Pavonia angustifolia,NOME_ACEITO,Pavonia angustifolia
Pavonia cancellata,NOME_ACEITO,Pavonia cancellata
Pavonia grandiflora,NOME_ACEITO,Pavonia grandiflora
Pavonia laetevirens,NOME_ACEITO,Pavonia laetevirens
Sida acuta,NOME_ACEITO,Sida acuta
Sida galheirensis,NOME_ACEITO,Sida galheirensis
Sida rhombifolia,NOME_ACEITO,Sida rhombifolia
Sida setosa,NOME_ACEITO,Sida setosa
Sida spinosa,NOME_ACEITO,Sida spinosa
Sidastrum multiflorum,NOME_ACEITO,Sidastrum multiflorum
Triumfetta althaeoides,NOME_ACEITO,Triumfetta althaeoides
Urena lobata,NOME_ACEITO,Urena lobata
Waltheria indica,NOME_ACEITO,Waltheria indica
Calathea capitata,NOME_ACEITO,Calathea capitata
Calathea comosa,NOME_ACEITO,Calathea comosa
Calathea lanata,NOME_ACEITO,Calathea lanata
Calathea loeseneri,NOME_ACEITO,Calathea loeseneri
Calathea micans,NOME_ACEITO,Calathea micans
Ischnosiphon polyphyllus,NOME_ACEITO,Ischnosiphon polyphyllus
Thalia multiflora,NOME_ACEITO,Thalia multiflora
Thalia geniculata,NOME_ACEITO,Thalia geniculata
Mayaca fluviatilis,NOME_ACEITO,Mayaca fluviatilis
Mayaca kunthii,NOME_ACEITO,Mayaca kunthii
Mayaca longipes,NOME_ACEITO,Mayaca longipes
Aciotis acuminifolia,NOME_ACEITO,Aciotis acuminifolia
Aciotis ornata,NOME_ACEITO,Aciotis ornata
Acisanthera alsinaefolia,NOME_ACEITO,Acisanthera alsinaefolia
Acisanthera alata,NOME_ACEITO,Acisanthera alata
Acisanthera fluitans,NOME_ACEITO,Acisanthera fluitans
Acisanthera limnobios,NOME_ACEITO,Acisanthera limnobios
Acisanthera variabilis,NOME_ACEITO,Acisanthera variabilis
Cambessedesia hilariana,NOME_ACEITO,Cambessedesia hilariana
Clidemia capitellata,NOME_ACEITO,Clidemia capitellata
Clidemia hirta,NOME_ACEITO,Clidemia hirta
Comolia villosa,NOME_ACEITO,Comolia villosa
Desmoscelis calcarata,NOME_ACEITO,Desmoscelis calcarata
Lavoisiera adamantium,NOME_ACEITO,Lavoisiera adamantium
Leandra multiplinervis,NOME_ACEITO,Leandra multiplinervis
Miconia chamissois,NOME_ACEITO,Miconia chamissois
Microlepis oleifolia,NOME_ACEITO,Microlepis oleifolia
Microlicia myrtoidea,NOME_ACEITO,Microlicia myrtoidea
Pterolepis glomerata,NOME_ACEITO,Pterolepis glomerata
Pterolepis repanda,NOME_ACEITO,Pterolepis repanda
Rhynchanthera cordata,NOME_ACEITO,Rhynchanthera cordata
Rhynchanthera dichotoma,NOME_ACEITO,Rhynchanthera dichotoma
Rhynchanthera grandiflora,NOME_ACEITO,Rhynchanthera grandiflora
Rhynchanthera hispida,NOME_ACEITO,Rhynchanthera hispida
Rhynchanthera novemnervia,NOME_ACEITO,Rhynchanthera novemnervia
Rhynchanthera serrulata,NOME_ACEITO,Rhynchanthera serrulata
Rhynchanthera verbenoides,NOME_ACEITO,Rhynchanthera verbenoides
Tibouchina aspera,NOME_ACEITO,Tibouchina aspera
Tibouchina asperior,NOME_ACEITO,Tibouchina asperior
Tibouchina cerastifolia,NOME_ACEITO,Tibouchina cerastifolia
Tibouchina cisplatensis,NOME_ACEITO,Tibouchina cisplatensis
Tibouchina gracilis,NOME_ACEITO,Tibouchina gracilis
Tibouchina herbacea,NOME_ACEITO,Tibouchina herbacea
Tibouchina sebastianopolitana,NOME_ACEITO,Tibouchina sebastianopolitana
Tibouchina semidecandra,NOME_ACEITO,Tibouchina semidecandra
Tibouchina trichopoda,NOME_ACEITO,Tibouchina trichopoda
Tibouchina urceolaris,NOME_ACEITO,Tibouchina urceolaris
Cissampelos andromorpha,NOME_ACEITO,Cissampelos andromorpha
Cissampelos glaberrima,NOME_ACEITO,Cissampelos glaberrima
Odontocarya arifolia,UNRESOLVED
Odontocarya tamoides,NOME_ACEITO,Odontocarya tamoides
Nymphoides grayana,NOME_ACEITO,Nymphoides grayana
Nymphoides humboldtiana,SINONIMO,Nymphoides indica
Nymphoides indica,NOME_ACEITO,Nymphoides indica
Glinus radiatus,NOME_ACEITO,Glinus radiatus
Mollugo verticillata,NOME_ACEITO,Mollugo verticillata
Psidium acutangulum,NOME_ACEITO,Psidium acutangulum
Psidium cattleianum,NOME_ACEITO,Psidium cattleianum
Nymphaea alba,NOME_ACEITO,Nymphaea alba
Nymphaea alba,NOME_ACEITO,Nymphaea alba
Nymphaea ampla,NOME_ACEITO,Nymphaea ampla
Nymphaea belophylla,NOME_ACEITO,Nymphaea belophylla
Nymphaea capensis,NOME_ACEITO,Nymphaea capensis
Nymphaea gardneriana,NOME_ACEITO,Nymphaea gardneriana
Nymphaea jamesoniana,NOME_ACEITO,Nymphaea jamesoniana
Nymphaea lasiophylla,NOME_ACEITO,Nymphaea lasiophylla
Nymphaea lingulata,NOME_ACEITO,Nymphaea lingulata
Nymphaea lotus,NOME_ACEITO,Nymphaea lotus
Nymphaea mexicana,NOME_ACEITO,Nymphaea mexicana
Nymphaea odorata,NOME_ACEITO,Nymphaea odorata
Nymphaea oxypetala,NOME_ACEITO,Nymphaea oxypetala
Nymphaea prolifera,NOME_ACEITO,Nymphaea prolifera
Nymphaea pulchella,NOME_ACEITO,Nymphaea pulchella
Nymphaea rubra,NOME_ACEITO,Nymphaea rubra
Nymphaea rudgeana,NOME_ACEITO,Nymphaea rudgeana
Victoria amazonica,NOME_ACEITO,Victoria amazonica
Sauvagesia erecta,NOME_ACEITO,Sauvagesia erecta
Sauvagesia racemosa,NOME_ACEITO,Sauvagesia racemosa
Sauvagesia rubiginosa,NOME_ACEITO,Sauvagesia rubiginosa
Sauvagesia sprengelii,NOME_ACEITO,Sauvagesia sprengelii
Ludwigia affinis,NOME_ACEITO,Ludwigia affinis
Ludwigia caparosa,NOME_ACEITO,Ludwigia caparosa
Ludwigia decurrens,NOME_ACEITO,Ludwigia decurrens
Ludwigia densiflora,NOME_ACEITO,Ludwigia densiflora
Ludwigia elegans,NOME_ACEITO,Ludwigia elegans
Ludwigia erecta,NOME_ACEITO,Ludwigia erecta
Ludwigia filiformis,NOME_ACEITO,Ludwigia filiformis
Ludwigia grandiflora,NOME_ACEITO,Ludwigia grandiflora
Ludwigia helminthorrhiza,NOME_ACEITO,Ludwigia helminthorrhiza
Ludwigia hexapetala,NOME_ACEITO,Ludwigia hexapetala
Ludwigia hyssopifolia,NOME_ACEITO,Ludwigia hyssopifolia
Ludwigia inclinata,NOME_ACEITO,Ludwigia inclinata
Ludwigia irwinii,NOME_ACEITO,Ludwigia irwinii
Ludwigia lagunae,NOME_ACEITO,Ludwigia lagunae
Ludwigia leptocarpa,NOME_ACEITO,Ludwigia leptocarpa
Ludwigia linifolia,NOME_ACEITO,Ludwigia linifolia
Ludwigia longifolia,NOME_ACEITO,Ludwigia longifolia
Ludwigia major,NOME_ACEITO,Ludwigia major
Ludwigia multinervia,NOME_ACEITO,Ludwigia multinervia
Ludwigia nervosa,NOME_ACEITO,Ludwigia nervosa
Ludwigia octovalvis,NOME_ACEITO,Ludwigia octovalvis
Ludwigia peploides,NOME_ACEITO,Ludwigia peploides
Ludwigia peruviana,NOME_ACEITO,Ludwigia peruviana
Ludwigia rigida,NOME_ACEITO,Ludwigia rigida
Ludwigia abyssinica,NOME_ACEITO,Ludwigia abyssinica
Ludwigia sericea,NOME_ACEITO,Ludwigia sericea
Ludwigia suffruticosa,NOME_ACEITO,Ludwigia suffruticosa
Ludwigia tomentosa,NOME_ACEITO,Ludwigia tomentosa
Ludwigia torulosa,NOME_ACEITO,Ludwigia torulosa
Ludwigia uruguayensis,NOME_ACEITO,Ludwigia uruguayensis
Cleistes gracilis,SINONIMO,Cleistes rodriguesii
Cyrtopodium aliciae,NOME_ACEITO,Cyrtopodium aliciae
Epidendrum dendrobioides,NOME_ACEITO,Epidendrum dendrobioides
Erythrodes pumila,SINONIMO,Aspidogyne pumila
Eulophia alta,NOME_ACEITO,Eulophia alta
Habenaria aricaensis,NOME_ACEITO,Habenaria aricaensis
Habenaria brachyphyton,NOME_ACEITO,Habenaria brachyphyton
Habenaria bractescens,NOME_ACEITO,Habenaria bractescens
Habenaria aberrans,NOME_ACEITO,Habenaria aberrans
Habenaria johannensis,NOME_ACEITO,Habenaria johannensis
Habenaria nabucoi,SINONIMO,Habenaria melvillei
Habenaria nuda,NOME_ACEITO,Habenaria nuda
Habenaria parviflora,NOME_ACEITO,Habenaria parviflora
Habenaria pratensis,NOME_ACEITO,Habenaria pratensis
Habenaria repens,NOME_ACEITO,Habenaria repens
Habenaria riedelii,SINONIMO,Habenaria warmingii
Habenaria vaupellii,SINONIMO,Habenaria johannensis
Buchnera palustris,NOME_ACEITO,Buchnera palustris
Buchnera rosea,NOME_ACEITO,Buchnera rosea
Melasma melampyroides,NOME_ACEITO,Melasma melampyroides
Vellosiella dracocephaloides,NOME_ACEITO,Vellosiella dracocephaloides
Oxalis barrelieri,NOME_ACEITO,Oxalis barrelieri
Passiflora vespertilio,NOME_ACEITO,Passiflora vespertilio
Piriqueta cistoides,NOME_ACEITO,Piriqueta cistoides
Piriqueta racemosa,NOME_ACEITO,Piriqueta racemosa
Turnera scabra,NOME_ACEITO,Turnera scabra
Sesamum indicum,NOME_ACEITO,Sesamum indicum
Phyllanthus fluitans,NOME_ACEITO,Phyllanthus fluitans
Phyllanthus abditus,NOME_ACEITO,Phyllanthus abditus
Phyllanthus niruri,NOME_ACEITO,Phyllanthus niruri
Phyllanthus sellowianus,NOME_ACEITO,Phyllanthus sellowianus
Phyllanthus stipulatus,NOME_ACEITO,Phyllanthus stipulatus
Phytolacca thyrsiflora,NOME_ACEITO,Phytolacca thyrsiflora
Piper caldense,NOME_ACEITO,Piper caldense
Piper fuligineum,NOME_ACEITO,Piper fuligineum
Achetaria ocymoides,NOME_ACEITO,Achetaria ocymoides
Angelonia gardneri,NOME_ACEITO,Angelonia gardneri
Bacopa aquatica,NOME_ACEITO,Bacopa aquatica
Bacopa arenaria,NOME_ACEITO,Bacopa arenaria
Bacopa egensis,NOME_ACEITO,Bacopa egensis
Bacopa lanigera,NOME_ACEITO,Bacopa lanigera
Bacopa monnieri,NOME_ACEITO,Bacopa monnieri
Bacopa rotundifolia,NOME_ACEITO,Bacopa rotundifolia
Bacopa salzmannii,NOME_ACEITO,Bacopa salzmannii
Bacopa stricta,NOME_ACEITO,Bacopa stricta
Callitriche deflexa,NOME_ACEITO,Callitriche deflexa
Callitriche rimosa,NOME_ACEITO,Callitriche rimosa
Conobea aquatica,NOME_ACEITO,Conobea aquatica
Gratiola peruviana,NOME_ACEITO,Gratiola peruviana
Mecardonia serpylloides,NOME_ACEITO,Mecardonia serpylloides
Micranthemum umbrosum,NOME_ACEITO,Micranthemum umbrosum
Plantago australis,NOME_ACEITO,Plantago australis
Scoparia dulcis,NOME_ACEITO,Scoparia dulcis
Scoparia montevidensis,NOME_ACEITO,Scoparia montevidensis
Stemodia durantifolia,NOME_ACEITO,Stemodia durantifolia
Stemodia maritima,NOME_ACEITO,Stemodia maritima
Stemodia pratensis,NOME_ACEITO,Stemodia pratensis
Limonium brasiliense,NOME_ACEITO,Limonium brasiliense
Acroceras zizanioides,NOME_ACEITO,Acroceras zizanioides
Andropogon bicornis,NOME_ACEITO,Andropogon bicornis
Andropogon leucostachyus,NOME_ACEITO,Andropogon leucostachyus
Andropogon selloanus,NOME_ACEITO,Andropogon selloanus
Andropogon virgatus,NOME_ACEITO,Andropogon virgatus
Anthephora hermaphrodita,NOME_ACEITO,Anthephora hermaphrodita
Axonopus brasiliensis,NOME_ACEITO,Axonopus brasiliensis
Axonopus leptostachyus,NOME_ACEITO,Axonopus leptostachyus
Axonopus purpusii,NOME_ACEITO,Axonopus purpusii
Bambusa trinii,SINONIMO,Guadua trinii
Brachiaria brizantha,NOME_ACEITO,Brachiaria brizantha
Brachiaria decumbens,NOME_ACEITO,Brachiaria decumbens
Brachiaria mutica,NOME_ACEITO,Brachiaria mutica
Brachiaria plantaginea,NOME_ACEITO,Brachiaria plantaginea
Cenchrus echinatus,NOME_ACEITO,Cenchrus echinatus
Cenchrus purpureus,UNRESOLVED
Chloris barbata,NOME_ACEITO,Chloris barbata
Chloris exilis,NOME_ACEITO,Chloris exilis
Coix lacryma-jobi,NOME_ACEITO,Coix lacryma-jobi
Cynodon dactylon,NOME_ACEITO,Cynodon dactylon
Dactyloctenium aegyptium,NOME_ACEITO,Dactyloctenium aegyptium
Digitaria ciliaris,NOME_ACEITO,Digitaria ciliaris
Digitaria horizontalis,NOME_ACEITO,Digitaria horizontalis
Digitaria violascens,NOME_ACEITO,Digitaria violascens
Dinebra perrieri,NOME_ACEITO,Dinebra perrieri
Echinochloa crus-pavonis,NOME_ACEITO,Echinochloa crus-pavonis
Echinochloa polystachya,NOME_ACEITO,Echinochloa polystachya
Eleusine indica,NOME_ACEITO,Eleusine indica
Eragrostis acutiflora,NOME_ACEITO,Eragrostis acutiflora
Eragrostis bahiensis,NOME_ACEITO,Eragrostis bahiensis
Eragrostis ciliaris,NOME_ACEITO,Eragrostis ciliaris
Eragrostis japonica,NOME_ACEITO,Eragrostis japonica
Eragrostis pilosa,NOME_ACEITO,Eragrostis pilosa
Eriochloa distachya,NOME_ACEITO,Eriochloa distachya
Eriochloa punctata,NOME_ACEITO,Eriochloa punctata
Eriochrysis cayennensis,NOME_ACEITO,Eriochrysis cayennensis
Gynerium sagittatum,NOME_ACEITO,Gynerium sagittatum
Heleochloa schoenoides,SINONIMO,Crypsis schoenoides
Homolepis aturensis,NOME_ACEITO,Homolepis aturensis
Homolepis aturensis,NOME_ACEITO,Homolepis aturensis
Hymenachne donacifolia,NOME_ACEITO,Hymenachne donacifolia
Imperata brasiliensis,NOME_ACEITO,Imperata brasiliensis
Imperata tenuis,NOME_ACEITO,Imperata tenuis
Isachne polygonoides,NOME_ACEITO,Isachne polygonoides
Ischaemum guianense,NOME_ACEITO,Ischaemum guianense
Ischaemum minus,NOME_ACEITO,Ischaemum minus
Lasiacis procerrima,NOME_ACEITO,Lasiacis procerrima
Leptochloa virgata,NOME_ACEITO,Leptochloa virgata
Leptocoryphium lanatum,NOME_ACEITO,Leptocoryphium lanatum
Luziola bahiensis,NOME_ACEITO,Luziola bahiensis
Luziola brasiliana,NOME_ACEITO,Luziola brasiliana
Luziola fragilis,NOME_ACEITO,Luziola fragilis
Luziola peruviana,NOME_ACEITO,Luziola peruviana
Luziola spruceana,NOME_ACEITO,Luziola spruceana
Luziola subintegra,NOME_ACEITO,Luziola subintegra
Mesosetum loliiforme,NOME_ACEITO,Mesosetum loliiforme
Olyra ecaudata,NOME_ACEITO,Olyra ecaudata
Olyra longifolia,NOME_ACEITO,Olyra longifolia
Oryza australiensis,NOME_ACEITO,Oryza australiensis
Oryza grandiglumis,NOME_ACEITO,Oryza grandiglumis
Oryza latifolia,NOME_ACEITO,Oryza latifolia
Oryza sativa,NOME_ACEITO,Oryza sativa
Otachyrium succisum,NOME_ACEITO,Otachyrium succisum
Otachyrium versicolor,NOME_ACEITO,Otachyrium versicolor
Panicum aquaticum,NOME_ACEITO,Panicum aquaticum
Panicum boliviense,SINONIMO,Panicum polygonatum
Panicum dichotomiflorum,NOME_ACEITO,Panicum dichotomiflorum
Panicum elephantipes,NOME_ACEITO,Panicum elephantipes
Panicum grande,NOME_ACEITO,Panicum grande
Panicum grumosum,SINONIMO,Hymenachne grumosa
Panicum helobium,SINONIMO,Panicum schwackeanum
Panicum maximum,NOME_ACEITO,Panicum maximum
Panicum mertensii,NOME_ACEITO,Panicum mertensii
Panicum milleflorum,SINONIMO,Panicum pilosum
Panicum parvifolium,NOME_ACEITO,Panicum parvifolium
Panicum abscissum,NOME_ACEITO,Panicum abscissum
Panicum prionitis,NOME_ACEITO,Panicum prionitis
Panicum repens,NOME_ACEITO,Panicum repens
Panicum sabulorum,NOME_ACEITO,Panicum sabulorum
Panicum schwackeanum,NOME_ACEITO,Panicum schwackeanum
Paratheria prostrata,NOME_ACEITO,Paratheria prostrata
Pariana campestris,NOME_ACEITO,Pariana campestris
Paspalidium paludivagum,NOME_ACEITO,Paspalidium paludivagum
Paspalum acuminatum,NOME_ACEITO,Paspalum acuminatum
Paspalum boscianum,SINONIMO,Paspalum scrobiculatum
Paspalum conjugatum,NOME_ACEITO,Paspalum conjugatum
Paspalum conspersum,NOME_ACEITO,Paspalum conspersum
Paspalum coryphaeum,NOME_ACEITO,Paspalum coryphaeum
Paspalum densum,NOME_ACEITO,Paspalum densum
Paspalum denticulatum,NOME_ACEITO,Paspalum denticulatum
Paspalum distichum,NOME_ACEITO,Paspalum distichum
Paspalum fasciculatum,NOME_ACEITO,Paspalum fasciculatum
Paspalum glaucescens,NOME_ACEITO,Paspalum glaucescens
Paspalum acuminatum,NOME_ACEITO,Paspalum acuminatum
Paspalum ligulare,NOME_ACEITO,Paspalum ligulare
Paspalum melanospermum,NOME_ACEITO,Paspalum melanospermum
Paspalum millegrana,NOME_ACEITO,Paspalum millegrana
Paspalum morichalense,NOME_ACEITO,Paspalum morichalense
Paspalum orbiculatum,NOME_ACEITO,Paspalum orbiculatum
Paspalum pulchellum,NOME_ACEITO,Paspalum pulchellum
Paspalum pumilum,NOME_ACEITO,Paspalum pumilum
Paspalum repens,NOME_ACEITO,Paspalum repens
Paspalum trichophyllum,NOME_ACEITO,Paspalum trichophyllum
Paspalum vaginatum,NOME_ACEITO,Paspalum vaginatum
Paspalum virgatum,NOME_ACEITO,Paspalum virgatum
Paspalum wrightii,NOME_ACEITO,Paspalum wrightii
Pennisetum purpureum,NOME_ACEITO,Pennisetum purpureum
Poidium calotheca,SINONIMO,Briza calotheca
Polypogon elongatus,NOME_ACEITO,Polypogon elongatus
Raddiella esenbeckii,NOME_ACEITO,Raddiella esenbeckii
Rhytachne rottboellioides,NOME_ACEITO,Rhytachne rottboellioides
Reimarochloa aberrans,NOME_ACEITO,Reimarochloa aberrans
Reimarochloa acuta,NOME_ACEITO,Reimarochloa acuta
Reimarochloa brasiliensis,SINONIMO,Reimarochloa acuta
Sacciolepis striata,NOME_ACEITO,Sacciolepis striata
Sacciolepis vilvoides,NOME_ACEITO,Sacciolepis vilvoides
Spartina alterniflora,NOME_ACEITO,Spartina alterniflora
Spartina densiflora,NOME_ACEITO,Spartina densiflora
Setaria pauciflora,NOME_ACEITO,Setaria pauciflora
Sorghastrum setosum,NOME_ACEITO,Sorghastrum setosum
Sorghum bicolor,NOME_ACEITO,Sorghum bicolor
Sporobolus virginicus,NOME_ACEITO,Sporobolus virginicus
Steinchisma cupreum,NOME_ACEITO,Steinchisma cupreum
Steinchisma laxum,NOME_ACEITO,Steinchisma laxum
Stephostachys mertensii,SINONIMO,Panicum mertensii
Trichanthecium parvifolium,SINONIMO,Panicum parvifolium
Trichanthecium pyrularium,SINONIMO,Panicum pyrularium
Urochloa humidicola,SINONIMO,Brachiaria humidicola
Urochloa plantaginea,SINONIMO,Brachiaria plantaginea
Urochloa subquadripara,SINONIMO,Brachiaria subquadripara
Zizaniopsis bonariensis,NOME_ACEITO,Zizaniopsis bonariensis

